id,name,displayName,arcana,shortMeaning,longMeaning,longMeaningRaw,keywords,imageUrl
0,the_fool,The Fool,Major Arcana,ปล่อยๆ จอยๆ ไม่คิดมาก ซุ่มซ่าม อิสระ,โอ๊ยยย! ไพ่ The Fool มาแล้วจ้าาา! บอกเลยว่าชีวิตตอนนี้คือ 'ปล่อยๆ จอยๆ' สุดๆ ไม่ต้องคิดเยอะ! อยากจะเริ่มอะไรใหม่ๆ ก็ลุยไปเลยดิค้าาา! ไม่ต้องกลัวว่าจะซุ่มซ่ามหรือเปล่า เพราะความซุ่มซ่ามนั่นแหละคือเสน่ห์ของคนที่มี 'อิสระ' ในหัวใจ! ไพ่ใบนี้คือการออกเดินทางแบบไม่สนโลก ไม่ต้องมีแผนเป๊ะๆ ก็ได้ ขอแค่ใจนำพา! พร้อมสำหรับทุกเรื่องที่เข้ามาแบบไม่คิดมาก! ไปได้ทุกที่ที่ใจอยากไป!,The Fool เป็นไพ่ใบแรก (หรือใบที่ 0) ในชุด Major Arcana หมายถึงการเริ่มต้นใหม่ การผจญภัย ความเป็นไปได้ที่ไร้ขีดจำกัด การก้าวออกไปโดยไม่กลัว การมองโลกในแง่ดี ความไร้เดียงสา และความกล้าหาญที่จะเสี่ยง ไพ่ใบนี้กระตุ้นให้เราเชื่อในสัญชาตญาณและก้าวเดินไปข้างหน้าในชีวิต แม้จะไม่รู้ว่าอะไรจะเกิดขึ้นในอนาคต อาจมีความประมาทหรือความไม่รอบคอบแฝงอยู่บ้าง แต่โดยรวมแล้วคือพลังงานแห่งการเริ่มต้นและความเป็นอิสระ,"[เริ่มต้นใหม่,ผจญภัย",https://wtnqjxerhmdnqszkhbvs.supabase.co/storage/v1/object/public/cards/the_fool.png
1,the_magician,The Magician,Major Arcana,สายอุปกรณ์ เก่งหลายอย่าง เรียนรู้เร็ว มีเซ้นส์ เก่งทุกเรื่อง วางตัวดี ภาพลักษณ์แบบเซลล์ manager  พูดเก่ง ดูดีมีเสน่ห์,โอ้โห! น้องคนนี้คือไพ่ The Magician เลยนะ บอกเลยว่ามาแบบ *สายอุปกรณ์* ครบครัน! คือแบบว่า *เก่งหลายอย่าง* จริงๆ ไม่ใช่แค่เรื่องเดียว แถมยัง *เรียนรู้เร็ว* หยิบจับอะไรก็เป็นไปหมด มี *เซ้นส์* ดีด้วยนะ ไม่ว่าจะเรื่องงาน เรื่องชีวิตคือ *เก่งทุกเรื่อง* อ่ะ พูดเลย! วางตัวดี มีความเป็นมืออาชีพสุดๆ ภาพลักษณ์นี่คือเหมือน *เซลล์ manager* ตัวท็อปที่ใครๆ ก็อยากเข้าหาอะ พูดจาฉะฉาน *พูดเก่ง* สุดๆ แถมยัง *ดูดีมีเสน่ห์* ดึงดูดคนให้เข้ามาฟังได้อยู่หมัด คือเป็นคนที่สร้างสรรค์อะไรใหม่ๆ ได้ตลอดเวลา พร้อมลงมือทำ มีความมั่นใจในตัวเองสูง และมีศักยภาพไร้ขีดจำกัดจริงๆ!,ไพ่ The Magician หรือ ไพ่ผู้วิเศษ เป็นไพ่ใบที่ 1 ในชุด Major Arcana (ไพ่ชุดใหญ่) เป็นสัญลักษณ์ของความสามารถในการสร้างสรรค์ การลงมือทำ การใช้ทักษะและทรัพยากรที่มีอยู่เพื่อทำให้ความปรารถนาเป็นจริง เขาคือผู้มีอำนาจในการแปลงความคิดให้กลายเป็นรูปธรรม เป็นตัวแทนของการสื่อสารที่มีประสิทธิภาพ ไหวพริบ ความมั่นใจในตนเอง และศักยภาพอันไร้ขีดจำกัด เป็นสัญญาณของการเริ่มต้นใหม่ การมีเครื่องมือพร้อม และความสามารถที่จะควบคุมสถานการณ์,"[การสร้างสรรค์,ความสามารถรอบด้าน",https://wtnqjxerhmdnqszkhbvs.supabase.co/storage/v1/object/public/cards/the_magician.png
2,the_high_priestess,The High Priestess,Major Arcana,สาวสวย สเนห์แบบลึกลับ แต่อารมณ์ขึ้นลง ชอบอยู่เงียบๆ บรรยากาศกลางคืน ริมน้ำ ใกล้น้ำ เสนห์ทางเพศ ความลับ,เธอคือสาวสวยผู้มีเสน่ห์ลึกลับ ชวนให้ค้นหา แต่ไม่อาจเข้าใจอารมณ์ที่ขึ้นลงราวกับกระแสน้ำยามค่ำคืน เธอชอบเก็บตัวอยู่ในความเงียบงัน ภายใต้บรรยากาศของราตรีริมน้ำ ที่ซึ่งความจริงและความลวงตาปะปนกันไป ความงามของเธอแฝงเร้นด้วยเสน่ห์ทางเพศที่เย้ายวนและน่าค้นหา เช่นเดียวกับความลับมากมายที่ถูกซ่อนอยู่ในห้วงลึกของจิตใจ การปรากฏตัวของเธอคือการเตือนถึงสิ่งที่ยังไม่ชัดเจน สิ่งที่ซ่อนเร้นอยู่ในเงามืด และอาจมีบางอย่างที่กำลังถูกปิดบัง เธออาจกำลังเผชิญหน้ากับความรู้สึกที่ไม่มั่นคงหรือความกลัวที่ซ่อนอยู่ภายใน,ไพ่ The Moon (ไพ่ดวงจันทร์) หมายถึงภาพลวงตา ความกลัว ความวิตกกังวล และความไม่แน่นอน เป็นไพ่ที่เชื่อมโยงกับจิตใต้สำนึก สัญชาตญาณ และความฝันที่อาจแฝงไปด้วยความจริงที่ซ่อนเร้น มันบ่งบอกถึงช่วงเวลาที่คุณอาจรู้สึกสับสน ไม่แน่ใจในเส้นทาง หรือเผชิญหน้ากับความลับและสิ่งที่ยังไม่เปิดเผย อาจมีสิ่งที่ไม่ชัดเจนหรือถูกปิดบังอยู่ รวมถึงการเผชิญหน้ากับด้านมืดของตนเอง หรือความหลงผิด การกระทำที่เป็นไปตามสัญชาตญาณและความรู้สึกภายในเป็นสิ่งสำคัญในสถานการณ์นี้,"[ภาพลวงตา,ความกลัว",https://wtnqjxerhmdnqszkhbvs.supabase.co/storage/v1/object/public/cards/the_high_priestess.png
3,the_empress,The Empress,Major Arcana,คุณนาย สบายใจ มีมาด ดูแล จัดการเรื่องในบ้าน กิจการ ได้ดี รักสบาย  ตั้งครรภ์ น้ำหนักขึ้น,ไพ่ใบนี้เปรียบเสมือน 'คุณนายใหญ่' แห่งบ้าน ผู้ที่เปี่ยมไปด้วยความสง่างาม มีมาดและบารมี ดูแลจัดการเรื่องราวภายในบ้านและกิจการทุกอย่างได้อย่างอยู่หมัด เธอรักความสุขสบาย ชอบความอุดมสมบูรณ์และสิ่งสวยงาม อาจจะหมายถึงการตั้งครรภ์ หรือช่วงที่น้ำหนักขึ้น เพราะมีความสุขกับการกินอยู่และพักผ่อน เป็นไพ่ที่แสดงถึงความอุดมสมบูรณ์ ความเป็นแม่ การดูแลเอาใจใส่ และการสร้างสรรค์สิ่งใหม่ๆ ให้งอกงามแบบสบายๆ ไม่ต้องเร่งรีบ,ไพ่จักรพรรดินี (The Empress) เป็นไพ่ที่แสดงถึงความเป็นเพศหญิง ความอุดมสมบูรณ์ ความอุดมสมบูรณ์ทางธรรมชาติ การดูแลเอาใจใส่ ความงาม ความคิดสร้างสรรค์ และความเจริญงอกงามในทุกด้าน เป็นสัญลักษณ์ของความเป็นแม่ การให้กำเนิด การเติบโต และความรู้สึกปลอดภัยมั่นคง หมายถึงช่วงเวลาแห่งความผาสุก ความมั่งคั่ง การเก็บเกี่ยวผลผลิต และความเชื่อมโยงกับธรรมชาติ การใช้ชีวิตอย่างสบายๆ และการเติมเต็มความสุขในชีวิต,"[อุดมสมบูรณ์,ความงาม",https://wtnqjxerhmdnqszkhbvs.supabase.co/storage/v1/object/public/cards/the_empress.png
4,the_emperor,The Emperor,Major Arcana,บงการ ควบคุม มีชั้นเชิง วางมาด คิดเยอะ วางแผนเยอะ ขี้ระแวง ผู้นำ ฉลาดเฉลียว ใช้คนเป็น เครียด หนักแน่น,จักรพรรดิคือผู้บงการและควบคุมทุกสิ่งอย่างด้วยมือที่หนักแน่นและแผนการอันแยบยล เขามีชั้นเชิงในการบริหารจัดการ วางมาดเป็นผู้นำที่เด็ดขาดและเป็นที่พึ่งพาได้ แต่ภายในจิตใจนั้นเต็มไปด้วยการคิดเยอะและวางแผนเยอะอย่างไม่หยุดหย่อน ด้วยความฉลาดเฉลียว เขารู้จักใช้คนเป็น ทว่าความปรารถนาที่จะควบคุมทุกอย่างและสร้างระเบียบอันสมบูรณ์แบบอาจทำให้เขาเครียดสะสม และแฝงไว้ด้วยความขี้ระแวงต่อสิ่งที่ไม่เป็นไปตามแผน เขาสร้างความมั่นคง แต่ก็ยึดมั่นในวิถีของตนเองอย่างหนักแน่นไม่เปลี่ยนแปลง,"ไพ่จักรพรรดิ (The Emperor) เป็นสัญลักษณ์ของอำนาจ, โครงสร้าง, การควบคุม",,https://wtnqjxerhmdnqszkhbvs.supabase.co/storage/v1/object/public/cards/the_emperor.png
5,the_hierophant,The Hierophant,Major Arcana,Conservative รับฟัง ความต่าง ชนชั้น ผู้ใหญ่ ปรึกษา,ไพ่ใบนี้สะท้อนถึงพลังอำนาจและปัญญาของ 'ผู้ใหญ่' หรือครูบาอาจารย์ ผู้ซึ่งเป็นแหล่งความรู้และประสบการณ์ที่เราสามารถ 'ปรึกษา' เพื่อหาแนวทาง หรือคำแนะนำได้อย่างแท้จริงและน่าเชื่อถือ มันบ่งบอกถึงการยึดมั่นใน 'ขนบธรรมเนียม' หรือ 'ความเชื่อดั้งเดิม' ที่สืบทอดกันมา ซึ่งอาจดู 'อนุรักษ์นิยม' ในบางแง่มุม แต่ก็เป็นรากฐานที่มั่นคงและให้ความปลอดภัย ไพ่ใบนี้กระตุ้นให้เรา 'รับฟัง' คำสอน หรือความคิดเห็นจากผู้มีประสบการณ์ โดยเฉพาะอย่างยิ่งเมื่อมีความ 'แตกต่าง' ในมุมมอง หรือเมื่อเกี่ยวข้องกับเรื่องของ 'ชนชั้น' หรือสถานะทางสังคม มันคือการเรียนรู้ที่จะเข้าใจ ยอมรับในลำดับขั้น และแสวงหาปัญญาจากแหล่งที่เชื่อถือได้ เพื่อนำมาปรับใช้กับชีวิตของเรา,"ไพ่ฤาษี หรือ The Hierophant (บางสำรับเรียก The Pope) เป็นไพ่ที่สื่อถึงประเพณี, สถาบัน, ศาสนา",,https://wtnqjxerhmdnqszkhbvs.supabase.co/storage/v1/object/public/cards/the_hierophant.png
6,the_lovers,The Lovers,Major Arcana,หลง น่ารัก ปรับตัวให้คล้ายกัน ดึงดูด ทางเลือกที่ถูกใจ ตกหลุมรัก,โอ๊ยยย... ไพ่ใบนี้มันช่างเหมาะกับคนกำลังตกหลุมรักซะจริง ๆ เลยนะ! เหมือนโดนมนต์สะกดให้หลงเสน่ห์ของใครบางคนจนถอนตัวไม่ขึ้นเลยแหละ! ไม่ว่าใครเห็นก็ต้องบอกว่าความสัมพันธ์นี้มันน่ารักสุด ๆ ไปเลย เพราะพวกเธอน่ะปรับตัวให้คล้ายกันได้อย่างลงตัว แถมยังดึงดูดกันและกันจนโลกเป็นสีชมพูไปหมดเลยนะ! เป็นทางเลือกที่ถูกใจที่สุดที่หัวใจของเธอจะได้เจอ ไม่ต้องลังเลแล้วนะจ๊ะ ความรักครั้งนี้น่ะใช่เลย!,ไพ่ The Lovers แสดงถึงทางเลือกที่สำคัญ โดยเฉพาะอย่างยิ่งในเรื่องของความสัมพันธ์ ความรัก และคุณค่าส่วนบุคคล เป็นสัญลักษณ์ของการตัดสินใจที่ต้องทำบนพื้นฐานของความปรารถนาและคุณธรรมภายใน อาจหมายถึงการค้นพบความรักที่แท้จริง การสร้างความสัมพันธ์ที่แน่นแฟ้น หรือการเผชิญหน้ากับความขัดแย้งทางศีลธรรมที่ต้องเลือกเส้นทางที่ถูกต้อง ไพ่นี้ยังสื่อถึงความสามัคคี ความสมดุล และการหลอมรวมของสองสิ่งให้เป็นหนึ่งเดียว ทั้งในด้านความสัมพันธ์ส่วนตัวและการตระหนักรู้ในตนเอง,"[ความรัก,ความสัมพันธ์",https://wtnqjxerhmdnqszkhbvs.supabase.co/storage/v1/object/public/cards/the_lovers.png
7,the_chariot,The Chariot,Major Arcana,ลุย ขัดๆกันเอง มีความต่าง,โอ๊ยยยยย...มาแล้วจ้า! ไพ่ใบนี้มันคือสนามรบย่อมๆ ของไอเดียที่พุ่งชนกันโครมคราม! คิดดูสิ คนเยอะแยะต่างคนต่างลุยสุดพลัง ไม่มีใครยอมใครเลยนะ มันดูขัดๆ กันไปหมดแหละ แต่ก็นั่นแหละ...ความต่างมันถึงได้สร้างสรรค์ไง! เหมือนทุกคนงัดไม้มาฟาดฟันกัน แต่ไม่ใช่จะฆ่ากันตายนะเว้ย มันคือการปะทะคารมแบบเต็มข้อ ดีเบตกันสุดฤทธิ์ พลังงานฟุ้งกระจายจนไฟลุกพรึ่บ! อย่ามัวแต่ยืนงงในดงทีนนะ ต้องพุ่งเข้าใส่เลยจ้า! เพราะความวุ่นวาย ความหลากหลายเนี่ยแหละ จะพาไปเจออะไรใหม่ๆ ที่ไม่เคยคิดฝันมาก่อน ลุยเลย! อย่าได้กลัวการปะทะ เพราะความต่างมันก็คือโอกาสให้เราได้เฉิดฉายในแบบของเราเอง!,ไพ่ห้าไม้เท้า (Five of Wands) มักสื่อถึงความขัดแย้ง การแข่งขัน การถกเถียงอย่างสร้างสรรค์ และการต่อสู้เล็กๆ น้อยๆ มันแสดงถึงสถานการณ์ที่มีบุคคลหรือความคิดหลายอย่างปะทะกัน มักจะไม่ใช่ด้วยเจตนาร้ายแรง แต่เป็นการแสดงออกถึงพลังงานที่พลุกพล่าน การระดมสมอง หรือการแข่งขันที่สนุกสนาน มันอาจบ่งบอกถึงความจำเป็นในการยืนหยัด การจัดการกับความคิดเห็นที่แตกต่าง หรือการค้นหาจุดร่วมท่ามกลางสภาพแวดล้อมที่ไม่หยุดนิ่ง แม้จะดูวุ่นวาย แต่โดยปกติแล้วจะนำไปสู่การเติบโต นวัตกรรม และการคลี่คลายความแตกต่างในที่สุด,"[ความขัดแย้ง,การแข่งขัน",https://wtnqjxerhmdnqszkhbvs.supabase.co/storage/v1/object/public/cards/the_chariot.png
8,strength,Strength,Major Arcana,ผู้หญิงเก่ง อยู่ข้างๆ ควบคุม ได้เอาอยู่ จัดการเก่ง อึดอัดบ้าง บางทีแต่ต้องยอม,ไพ่ใบนี้เปรียบเสมือนผู้หญิงคนหนึ่งที่เก่งจริง เก่งกาจรอบด้าน เธอมีความสามารถพิเศษในการจัดการทุกสิ่งให้อยู่หมัด จะอยู่ข้างๆ คอยกำกับดูแลทุกย่างก้าว แถมยังควบคุมทุกอย่างได้อย่างเบ็ดเสร็จ เอาอยู่หมด! บางทีก็แอบอึดอัดนิดๆ กับความเป๊ะและความตรงไปตรงมาของเขานะ แต่สุดท้ายก็ต้องยอม เพราะสิ่งที่เขาทำมันถูกต้องและเป็นประโยชน์จริงๆ เธอคือผู้หญิงที่มีเหตุผลและเด็ดขาด,ราชินีดาบเป็นสัญลักษณ์ของสติปัญญา ความคิดที่เฉียบคม การสื่อสารที่ตรงไปตรงมา และความเป็นอิสระ เธอเป็นผู้ที่มองโลกตามความเป็นจริง สามารถวิเคราะห์สถานการณ์ได้อย่างแม่นยำ และไม่กลัวที่จะเผชิญหน้ากับความจริง บางครั้งอาจดูเย็นชาหรือห่างเหิน แต่ก็เป็นเพราะเธอใช้เหตุผลนำอารมณ์ เธอเป็นที่ปรึกษาที่ดีเยี่ยม ผู้ที่สามารถให้คำแนะนำที่ชัดเจนและเป็นประโยชน์ เธอมีความสามารถในการปกป้องตนเองและผู้อื่นด้วยความคิดและการตัดสินใจที่แน่วแน่ มักจะแสดงถึงผู้หญิงที่ฉลาดหลักแหลม มีความเป็นผู้นำ และเป็นผู้ที่ได้รับความเคารพในด้านความรู้และวิจารณญาณ,"[สติปัญญา,เฉียบคม",https://wtnqjxerhmdnqszkhbvs.supabase.co/storage/v1/object/public/cards/strength.png
9,the_hermit,The Hermit,Major Arcana,ไม่ยึดติดความเชื่อเดิมๆ ชอบอยู่เงียบๆเพราะผ่านประสบการณ์มาเยอะ แต่งตัวเรียบๆสมถะ พอเพียง แต่งตัวเรียบๆง่ายๆ ชีวิตเรียบง่าย ส่องตะเกียง หาทางออก หาปัญหา หานู่นนี่นั่นคนเดียว เงียบๆ specialist คิดเยอะ คิดทบทวน,ชีวิตของคนไพ่ฤาษีเนี่ยนะ ไม่ยึดติดอะไรเลยจ้ะ ไม่ใช่คนที่จะไปตามกระแสสังคมหรือความเชื่อเดิมๆที่ใครๆเขาก็ว่าดี เขาผ่านโลกมาเยอะ ประสบการณ์สอนให้เขาเข้าใจชีวิตอย่างลึกซึ้ง จนรู้ว่าความสุขที่แท้จริงคือการอยู่เงียบๆคนเดียว การแต่งตัวก็เรียบๆง่ายๆ ไม่เน้นแบรนด์ ไม่เน้นหรูหรา ขอแค่ใส่สบาย พอเพียงก็พอแล้ว ชีวิตเขาโคตรเรียบง่ายเลยล่ะ ส่องตะเกียงหาทางออกให้ตัวเองเสมอ บางทีก็ส่องหาปัญหาเล็กๆ น้อยๆ เพื่อจะได้คิด ทบทวน หรือหาคำตอบด้วยตัวเอง ไม่ชอบพึ่งใคร เงียบๆ แต่ความจริงคือเป็น Specialist ในสิ่งที่เขาทำนะจ๊ะ คิดเยอะ คิดทบทวนทุกเรื่องก่อนตัดสินใจ ทำให้ชีวิตเขาไม่ค่อยพลาด และมักจะเป็นที่พึ่งให้คนอื่นได้แบบเงียบๆ เลยล่ะ.,ไพ่ฤาษี (The Hermit) เป็นไพ่ที่สื่อถึงการแสวงหาความจริง การค้นพบตนเองผ่านการปลีกวิเวกและการครุ่นคิดอย่างลึกซึ้ง เป็นช่วงเวลาที่บุคคลต้องการถอยห่างจากความวุ่นวายภายนอกเพื่อพิจารณาไตร่ตรองภายในจิตใจ การมุ่งเน้นไปที่การศึกษา การเรียนรู้ หรือการเป็นผู้เชี่ยวชาญในสาขาใดสาขาหนึ่ง อาจหมายถึงการเป็นผู้ให้คำแนะนำที่เปี่ยมด้วยปัญญา หรือการได้รับการชี้ทางจากผู้ที่มีประสบการณ์และความรู้.,"[สันโดษ,ค้นหาตัวเอง",https://wtnqjxerhmdnqszkhbvs.supabase.co/storage/v1/object/public/cards/the_hermit.png
10,wheel_of_fortune,Wheel of Fortune,Major Arcana,ให้ระวังหน่อย มันคือการหมุนของโชคชะตา มีขึ้นลง บ้าน ที่ดิน ทรัพย์สิน ความรู้ที่ไม่หยุด โชคชะตานำพา ฉลาด,แม่หมอมีมี่เตือนว่า ให้ระวังหน่อยนะ นี่แหละคือการหมุนของโชคชะตาอย่างแท้จริง มีทั้งขึ้นและลง ชีวิตมันก็เป็นแบบนี้แหละจ้ะ บางทีก็ได้บ้าน ได้ที่ดิน ได้ทรัพย์สินที่ไม่คาดฝัน แต่บางทีก็ต้องเผชิญกับบทเรียนที่ทำให้เราได้เรียนรู้ไม่หยุดหย่อน จงจำไว้ว่าโชคชะตามันนำพาเราไปเสมอ ต้องฉลาดและปรับตัวให้ทันกับทุกสถานการณ์นะจ๊ะ ไม่มีอะไรแน่นอน ต้องพร้อมรับมือกับทุกการเปลี่ยนแปลง,ไพ่ล้อแห่งโชคชะตา (The Wheel of Fortune) แสดงถึงวงจรของชีวิต การเปลี่ยนแปลงที่หลีกเลี่ยงไม่ได้ โชคชะตา และกรรม การปรากฏของไพ่ใบนี้มักบ่งบอกถึงจุดเปลี่ยนสำคัญในชีวิต สถานการณ์ที่ไม่คาดฝัน หรือเหตุการณ์ที่นำไปสู่การเปลี่ยนแปลงครั้งใหญ่ อาจเป็นช่วงเวลาที่โชคเข้าข้าง หรือเป็นช่วงเวลาที่ต้องเรียนรู้จากบทเรียนชีวิต แสดงถึงการหมุนเวียนของโชคลาภและความสำเร็จที่เกิดขึ้นได้ตลอดเวลา ซึ่งต้องอาศัยการปรับตัวและความเข้าใจในธรรมชาติของวัฏจักรชีวิต,"[โชคชะตา,วงจรชีวิต",https://wtnqjxerhmdnqszkhbvs.supabase.co/storage/v1/object/public/cards/wheel_of_fortune.png
11,justice,Justice,Major Arcana,ผู้คุมกฎ กฎเกณฑ์ กฎระเบียบ ความยุติธรรม ตาชั่ง ความน่าเชื่อถือ ความยุติธรรม ตรงไปตรงมา เท่าเทียม ปวดหลัง ปวดเอว,คุณคือผู้คุมกฎ กฎเกณฑ์ กฎระเบียบ เป๊ะทุกตารางนิ้ว! อะไรที่ไม่เป็นธรรมคือไม่ได้! ต้องยุติธรรมเท่านั้น ต้องตรงไปตรงมา เป๊ะ ชัดเจน เหมือนตาชั่งที่สมดุลสุดๆ จะตัดสินอะไรก็ต้องรอบคอบ มองทุกด้าน ชั่งน้ำหนักทุกอย่าง แล้วค่อยฟันธง! ความน่าเชื่อถือต้องมาอันดับหนึ่งนะจ๊ะ! แต่บางทีก็แบกความยุติธรรมไว้เยอะไป จนปวดหลัง ปวดเอวเลยทีเดียว!,"ไพ่ Justice (ความยุติธรรม) เป็นไพ่ที่หมายถึงความสมดุล, ความเที่ยงตรง, กฎหมาย",,https://wtnqjxerhmdnqszkhbvs.supabase.co/storage/v1/object/public/cards/justice.png
12,the_hanged_man,The Hanged Man,Major Arcana,คิดมาก หาคำตอบ อดทน รอคอย ไม่เปลี่ยน มุมมองแปลกๆ เวลานาน คิดนาน ปวดข้อเท้า เวียนหัว,แม่หมอมีมี่บอกว่าไพ่ The Hanged Man ใบนี้เน้นย้ำถึงช่วงเวลาที่คุณกำลัง 'คิดมาก' วนเวียนอยู่กับปัญหาเดิมๆ หรือกำลัง 'หาคำตอบ' ที่ยังไม่เจอสักที คุณต้อง 'อดทน' และ 'รอคอย' อย่างไม่สามารถเร่งรีบได้ เหมือนมีอะไรบางอย่างที่ทำให้คุณต้องหยุดนิ่ง 'ไม่เปลี่ยน' ตำแหน่งหรือสถานการณ์ไปไหน อาจจะรู้สึกว่าตัวเองมี 'มุมมองแปลกๆ' ที่คนอื่นไม่เข้าใจ หรือคุณกำลังพยายามมองเรื่องราวจากมุมที่แตกต่างไปจากเดิมมากๆ จนเหมือนถูกจับให้ 'กลับหัว' สถานการณ์ทุกอย่างดูเหมือนต้องใช้ 'เวลานาน' กว่าจะคลี่คลาย คุณ 'คิดนาน' กับทุกเรื่องกว่าจะตัดสินใจได้ และบางทีความรู้สึก 'ปวดข้อเท้า' หรือ 'เวียนหัว' อาจจะเกิดขึ้นจากความตึงเครียดหรือการที่คุณต้องหยุดนิ่งคิดมากเกินไปนั่นแหละ.,ไพ่ The Hanged Man (คนแขวน) เป็นตัวแทนของการหยุดพัก การยอมแพ้ หรือการเสียสละที่จำเป็น เพื่อให้ได้มาซึ่งมุมมองใหม่ๆ หรือความเข้าใจที่ลึกซึ้งยิ่งขึ้น มักบ่งบอกถึงช่วงเวลาของการรอคอย การไตร่ตรอง หรือการมองเห็นสิ่งต่างๆ จากมุมที่แตกต่างออกไปอย่างสิ้นเชิง แม้จะต้องแลกมาด้วยความไม่สบายใจ ความล่าช้า หรือการปล่อยวางสิ่งเดิมๆ เพื่อก้าวไปข้างหน้าอย่างมีสติและปัญญา การกลับหัวของรูปภาพสะท้อนถึงการพลิกผันทางความคิดหรือการค้นพบสัจธรรม.,"[การหยุดพัก,การยอมแพ้",https://wtnqjxerhmdnqszkhbvs.supabase.co/storage/v1/object/public/cards/the_hanged_man.png
13,death,Death,Major Arcana,การเปลี่ยนแปลง จบสิ้นสิ่งเก่า เริ่มต้นใหม่,ไพ่ The Death ไม่ได้หมายถึงการตายจริงๆ แต่เป็นสัญลักษณ์ของการเปลี่ยนแปลงครั้งใหญ่ การสิ้นสุดสิ่งที่ไม่จำเป็นเพื่อให้เกิดสิ่งใหม่ที่ดีกว่า การจบลงของหนึ่งๆ บางครั้งอาจรู้สึกถึงการจามอดีตัวเอง ความคิดเชื่อ หรือนิสัยเดิมเพื่อเริ่มต้นใหม่ แต่โดยรวมแล้ว The Death มักบ่งบอกถึงการเติบโตและการฟื้นฟื้น เหมือนการทิ้งสิ่งที่ไม่จำเป็นทิ้งไปเพื่อเปิดทางสู่ความสำเร็จและความเป็นตัวของตนเองที่แท้จริง,ไพ่ The Death (คนตาย) เป็นไพ่ที่สื่อถึงการเปลี่ยนแปลง การสิ้นสุด และการเริ่มต้นใหม่ เป็นหนึ่งในไพ่ที่น่ากลัวแต่ก็มีความหมายลึกลึก มักหมายถึงการตาย แต่ในความเป็นจริงแล้วหมายถึงการสิ้นสุดของวัฏจักรหนึ่งเพื่อเริ่มต้นวัฏจักรใหม่ The Death กระตุ้นให้เราปล่อยวายสิ่งเก่าที่ขัดขวางจิตใจ เช่น ความคิด ความเชื่อมั่น หรือพฤติกรรมที่ไม่เอื้ออำนาจต่อไป เพื่อให้เกิดการเปลี่ยนแปลงและเติบโตในด้านที่ดีกว่า,,https://wtnqjxerhmdnqszkhbvs.supabase.co/storage/v1/object/public/cards/death.png
14,temperance,Temperance,Major Arcana,ไอเดีย มีความคิดเปลี่ยนแปลง คิดใหม่ ไอเดียใหม่ๆ หมุนเงิน ทดลอง โยกย้าย,ช่วงนี้ชีวิตเหมือนได้รีสตาร์ทใหม่เลยนะ! ไอเดียใหม่ๆ ผุดขึ้นมาเต็มไปหมด มีความคิดเปลี่ยนแปลง อยากลองอะไรใหม่ๆ ตลอดเวลาเลย ไม่ว่าจะเป็นเรื่องงานหรือเรื่องส่วนตัวก็มีโอกาสได้โยกย้าย ได้ทดลองทำอะไรที่ไม่เคยทำมาก่อนนะ บางทีก็ต้องหมุนเงินกันหน่อยแหละ เพราะการเริ่มต้นสิ่งใหม่ๆ มันก็ต้องใช้ทุนบ้าง แต่ไม่ต้องห่วงนะ เพราะทุกการเปลี่ยนแปลงครั้งนี้มันเต็มไปด้วยความเป็นไปได้และความสนุกสนาน ลองก้าวออกไปจากกรอบเดิมๆ ดูสิ!,"การเริ่มต้นใหม่, ศักยภาพที่ไร้ขีดจำกัด, การก้าวกระโดดด้วยความเชื่อ",,https://wtnqjxerhmdnqszkhbvs.supabase.co/storage/v1/object/public/cards/temperance.png
15,the_devil,The Devil,Major Arcana,สุดโต่ง หมกมุ่น dark ลุ่มหลง กินเผ็ด ความต้องการสูง เจ้าอารมณ์ ควบคุมยาก,โอ้ยยยย...แม่หมอมีมี่จะปลุกพลังแห่งความสุดโต่ง หมกมุ่น หรือความลุ่มหลงให้คุณได้อย่างไร ในเมื่อคุณยังไม่บอกชื่อไพ่! มันเหมือนกับการจะกินเผ็ดจัดๆ แต่ไม่รู้ว่าแกงอะไร! ความต้องการของแม่หมอมีมี่สูงนะ ต้องควบคุมความอยากรู้ของคุณด้วยการบอกชื่อไพ่มาซะดีๆ ไม่งั้นความเจ้าอารมณ์ของแม่หมอมีมี่จะระเบิดออกมาแน่ๆ!,"ไม่สามารถให้ความหมายไพ่ได้ เนื่องจากไม่ได้ระบุชื่อไพ่ โปรดระบุชื่อไพ่ที่คุณต้องการทราบความหมาย (เช่น The Fool, The Magician, The Lovers หรือ Ace of Wands เป็นต้น)",,https://wtnqjxerhmdnqszkhbvs.supabase.co/storage/v1/object/public/cards/the_devil.png
16,the_tower,The Tower,Major Arcana,เปลี่ยนแผน ไม่คาดคิด ชัดเจน ระเบิดอารมณ์ ทะเลาะ ขัดแย้ง,เตรียมใจรับมือกับเรื่องไม่คาดฝันที่กำลังจะเข้ามา! อาจเป็นเหตุการณ์ที่ทำให้ชีวิตต้อง 'เปลี่ยนแผน' กะทันหันแบบตั้งตัวไม่ติด ทุกสิ่งจะ 'ไม่คาดคิด' และเกิดขึ้นอย่างรวดเร็วเพื่อเปิดเผยความจริงที่ 'ชัดเจน' แบบไม่มีอะไรปิดบังได้ อาจมี 'ระเบิดอารมณ์' หรือการ 'ทะเลาะ' และ 'ขัดแย้ง' อย่างรุนแรงเกิดขึ้นได้ แต่นี่คือการชำระล้างเพื่อสร้างสิ่งใหม่ที่ดีกว่าเดิม แม้จะเจ็บปวดแต่จำเป็นต้องผ่านไปให้ได้,ไพ่ The Tower (หอคอย) หมายถึงการเปลี่ยนแปลงครั้งใหญ่และฉับพลันที่ไม่คาดคิด มักเป็นการทำลายล้างโครงสร้างเก่าๆ หรือสิ่งที่สร้างขึ้นมาอย่างผิดพลาด เพื่อเปิดทางให้เกิดสิ่งใหม่ที่ดีกว่า เป็นการปลดปล่อยจากข้อจำกัดหรือภาพลวงตา นำไปสู่การเปิดเผยความจริงที่เจ็บปวดแต่จำเป็น เหตุการณ์เหล่านี้อาจเป็นวิกฤตที่นำมาซึ่งการตื่นรู้และการเปลี่ยนแปลงที่แท้จริง,"[การเปลี่ยนแปลงฉับพลัน,การทำลายล้าง",https://wtnqjxerhmdnqszkhbvs.supabase.co/storage/v1/object/public/cards/the_tower.png
17,the_star,The Star,Major Arcana,สงบ เย็น โดดเด่นในยามค่ำ เก่ง สวย ดูดี ผิวพรรณดี,เธอคนนี้ช่างสงบ เย็น และเปี่ยมไปด้วยความหวังราวกับดวงดาวที่ส่องประกายโดดเด่นในยามค่ำคืน เป็นคนที่มีความสามารถ เก่งกาจรอบด้าน แต่ก็ยังคงความงดงามและดูดีอยู่เสมอ ไม่ว่าจะยามไหน ผิวพรรณก็ผ่องใส สุขภาพดี ราวกับได้รับการเยียวยาจากธรรมชาติ เธอเป็นตัวแทนของความหวัง การเยียวยา และการค้นพบความงามที่แท้จริงในตัวเองที่ส่องประกายออกมาจากภายในสู่ภายนอก,ไพ่ The Star เป็นสัญลักษณ์ของความหวัง แรงบันดาลใจ ความสงบ และการฟื้นฟูจิตใจ บ่งบอกถึงช่วงเวลาแห่งความสงบสุขหลังความวุ่นวาย นำมาซึ่งความรู้สึกสงบและความมองโลกในแง่ดีสำหรับอนาคต ส่งเสริมให้เปิดเผยตัวตนอย่างแท้จริง การเยียวยา และการรับฟังเสียงภายใน เป็นตัวแทนของการไหลเวียนของคำแนะนำจากเบื้องบน และความสงบสุขภายในที่ลึกซึ้ง,"[ความหวัง,แรงบันดาลใจ",https://wtnqjxerhmdnqszkhbvs.supabase.co/storage/v1/object/public/cards/the_star.png
18,the_moon,The Moon,Major Arcana,ความไม่ชัดเจน กังวลใจ คลุมเคลือ ความใกล้ชิด ความรู้สึกผูกพันธ์ ว้าวุ่น สับสนตัดสินใจไม่ได้ อยากใกล้ชิด (,ตอนนี้หัวใจมันว้าวุ่นเหลือเกินนะ มีแต่ความไม่ชัดเจนและความกังวลใจคลุมเครือไปหมด เหมือนมีหลายสิ่งหลายอย่างที่เข้ามาปั่นป่วนความคิด ทั้งเรื่องความใกล้ชิดและความรู้สึกผูกพันธ์ที่ซับซ้อน ทำให้ตัดสินใจอะไรไม่ได้เลยว่าควรจะก้าวไปทางไหนดี ลึกๆ แล้วก็ยังรู้สึกอยากใกล้ชิดและจมดิ่งกับความรู้สึกเหล่านั้นนะ แต่มันเต็มไปด้วยความสับสนและไม่รู้ว่าอะไรคือความจริง อะไรคือภาพลวงตา เป็นความปั่นป่วนที่ยากจะคลี่คลายจริงๆ,"ไพ่ Seven of Cups (7 ถ้วย) สื่อถึงภาพลวงตา, จินตนาการ, ความปรารถนาที่เกินจริง",,https://wtnqjxerhmdnqszkhbvs.supabase.co/storage/v1/object/public/cards/the_moon.png
19,the_sun,The Sun,Major Arcana,สดใส การเริ่มต้นที่ดี การเดินทาง ความชัดเจน เอาแต่ใจ ตามใจตัวเอง ความเป็นเด็ก มั่นใจ,ความรู้สึกสดใสเต็มเปี่ยม! พลังงานดีๆ กำลังหลั่งไหลเข้ามา เป็นช่วงเวลาของการเริ่มต้นใหม่ที่เต็มไปด้วยความสุข เหมือนกับออกเดินทางไปในโลกกว้างอย่างอิสระและไร้กังวล มีความมั่นใจในตัวเองสูงมาก ถึงแม้บางทีจะดูเป็นเด็กๆ เอาแต่ใจตัวเองไปบ้าง แต่ก็เต็มไปด้วยความชัดเจนในสิ่งที่ต้องการ เป็นช่วงเวลาของการก้าวเดินไปข้างหน้าอย่างไม่กลัวอะไรเลย! เตรียมตัวพบกับสิ่งใหม่ๆ ที่กำลังจะเข้ามาอย่างสนุกสนานและไม่ลังเลเลยนะ,ไพ่ The Fool สื่อถึงการเริ่มต้นใหม่ การเดินทางครั้งสำคัญ การผจญภัยที่น่าตื่นเต้น ความไร้เดียงสา ความเป็นอิสระ การก้าวเข้าสู่สิ่งที่ไม่เคยรู้จักโดยไม่กลัวเกรง เป็นสัญลักษณ์ของศักยภาพที่ไร้ขีดจำกัด การตัดสินใจที่เต็มไปด้วยความเชื่อมั่นและสัญชาตญาณ บางครั้งก็อาจบ่งบอกถึงความไม่รอบคอบหรือการกระทำที่หุนหันพลันแล่น แต่โดยรวมแล้วเป็นการเชิญชวนให้ก้าวไปข้างหน้าอย่างกล้าหาญ,"[การเริ่มต้นใหม่,อิสระ",https://wtnqjxerhmdnqszkhbvs.supabase.co/storage/v1/object/public/cards/the_sun.png
20,judgement,Judgement,Major Arcana,การจบ บังเอิญ ปากตรงกับใจ ทำแบบไหนได้แบบนั้น การตื่นรู้,น้องฟูลเอ๊ย! ไม่ต้องไปคิดมากหรอก ก็มันจะเริ่มใหม่น่ะสิ จะจบเรื่องเก่า ๆ แล้วกระโดดไปสู่สิ่งที่ยังไม่รู้ ไม่ต้องแปลกใจถ้าจู่ ๆ ปากมันตรงกับใจ หรือเจอเรื่องบังเอิญที่พาเราไปทางนั้นทางนี้ เพราะทำแบบไหนก็ได้อย่างนั้นแหละ ถ้ากล้าที่จะเริ่มต้นแบบไม่กลัวอะไร ไม่ต้องมีแผนเป๊ะ ก็จะได้เจอสิ่งใหม่ ๆ เป็นการตื่นรู้ครั้งใหญ่ว่าชีวิตมันก็แค่นี้แหละ ปล่อยใจไปบ้าง! ถึงเวลาแล้วที่จะก้าวไปข้างหน้าแบบไม่ต้องห่วงหน้าพะวงหลัง เพราะสิ่งดีๆ กำลังรออยู่,ไพ่ The Fool หมายถึงการเริ่มต้นใหม่ การก้าวสู่สิ่งที่ไม่รู้จักอย่างกล้าหาญ การกระโดดลงไปโดยไม่ลังเลใจ เป็นสัญลักษณ์ของความไร้เดียงสา ความเป็นธรรมชาติ ความพร้อมที่จะรับประสบการณ์ใหม่ๆ และการมองโลกในแง่ดีอย่างเต็มเปี่ยม บางครั้งอาจหมายถึงการเสี่ยงโดยขาดความรอบคอบ แต่โดยรวมคือการเปิดรับศักยภาพและโอกาสที่ไม่จำกัดในเส้นทางชีวิต,"[เริ่มต้นใหม่,การเดินทาง",https://wtnqjxerhmdnqszkhbvs.supabase.co/storage/v1/object/public/cards/judgement.png
21,the_world,The World,Major Arcana,การเรียนรู้ ประสบการณ์ยาวนาน ต่างประเทศ ออนไลน์ ความสุข,ไพ่ The Fool ใบนี้บอกว่าหนูพร้อมแล้วที่จะเริ่มต้นบทใหม่ในชีวิตแบบไม่ต้องกลัวอะไรเลยนะจ๊ะ! เหมือนหนูมีพลังงานดีๆ ที่จะก้าวเดินไปบนเส้นทางใหม่ที่ไม่เคยเจอ การผจญภัยครั้งนี้จะพาหนูไปเจอประสบการณ์ที่ล้ำค่า ที่จะกลายเป็นบทเรียนยาวนานในอนาคต ไม่ว่าจะเป็นการเรียนรู้สิ่งใหม่ๆ ที่ไม่เคยลองมาก่อน หรืออาจจะหมายถึงการเปิดโลกกว้างออกไปเจอสิ่งแปลกใหม่ที่ต่างประเทศ หรือแม้แต่การใช้เทคโนโลยีออนไลน์ในการหาความรู้เพิ่มเติมเพื่อสร้างเส้นทางใหม่ๆ ให้กับตัวเอง ที่สำคัญที่สุดคือการได้ทำตามใจและก้าวออกไปอย่างอิสระนี้จะนำพาความสุข ความเบิกบานใจมาให้หนูอย่างเต็มเปี่ยมเลยล่ะ,ไพ่ The Fool (คนโง่) เป็นไพ่แห่งการเริ่มต้นใหม่ ความไร้เดียงสา การผจญภัย และศักยภาพที่ไร้ขีดจำกัด สื่อถึงการก้าวเข้าสู่สิ่งที่ไม่รู้จักด้วยความกล้าหาญและความเปิดกว้าง แม้จะดูเหมือนการกระทำที่บุ่มบ่าม แต่ก็เต็มไปด้วยความเชื่อมั่นในสัญชาตญาณและการแสวงหาประสบการณ์ใหม่ๆ,"[เริ่มต้นใหม่,การผจญภัย",https://wtnqjxerhmdnqszkhbvs.supabase.co/storage/v1/object/public/cards/the_world.png
22,ace_of_wands,Ace of Wands,Minor Arcana,แรงบันดาล แรงบู้ ความคิดสร้างสรรค์ โอกาสใหม่,ไพ่ Ace of Wands (เอซไม้เท้า) เป็นไพ่แห่งพลังงาน ความคิดสร้างสรรค์และแรงบู้ที่บริสุทธิธ์ เป็นสัญญาณของการเริ่มต้นโครงการหรือแนวคิดใหม่ๆ ที่เต็มไปด้วยพลังงานและความกระตือรือร้น ไพ่ใบนี้บ่งบอกถึงโอกาสที่จะเข้ามาในชีวิตของคุณ ไม่ว่าจะเป็นโครงการธุรกิจ งานสร้างสรรค์ หรือแม้แค่เพียงแค่เพียงความคิด มันเชื้อเชิญให้คุณจับช่วงโอกาสนี้และทุ่มใช้พลังงานที่มีอยู่ในตัวเพื่อนำพาความสำเร็จ,ไพ่ Ace of Wands (เอซไม้เท้า) เป็นไพ่แห่งพลังงาน ความคิดสร้างสรรค์และแรงบู้ เป็นไพ่แรกกที่ของไพ่ Wands ที่แสดงถึงจุดเริ่มต้นของพลังงานความคิดสร้างสรรค์ การแรงบู้ และศักยภาพที่ยังไม่ได้ถูกจำกัด มักแทนด้วยความสดใส แรงบันดาล ความกระตือรือร้น และความกล้าหาญ ไพ่ใบนี้กระตุ้นให้เราเชื่อมั่นในศักยภาพของตนเองและจับโอกาสใหม่ที่เข้ามาอย่างเต็มที่,,https://wtnqjxerhmdnqszkhbvs.supabase.co/storage/v1/object/public/cards/ace_of_wand.png
23,two_of_wands,Two of Wands,Minor Arcana,พัฒนา ไม่หยุดนิ่ง ไม่หยุดแค่นี้ มองหาคนอื่น มองหาโอกาส ไม่ปล่อยโอกาส การติดต่อ,คุณน่ะมันคนที่ไม่เคยหยุดนิ่ง! มีแต่จะพัฒนาไปข้างหน้าเรื่อยๆ ไม่มีทางที่จะพอใจกับจุดเดิมๆ แน่นอน ชีวิตคือการเดินทาง การแสวงหาโอกาสใหม่ๆ อยู่เสมอ ไม่ว่าจะเป็นโอกาสทางธุรกิจ การงาน หรือแม้แต่การมองหา connection ใหม่ๆ ที่จะพาคุณไปไกลกว่าเดิม คุณไม่เคยปล่อยให้โอกาสดีๆ หลุดมือไปเฉยๆ หรอก แถมยังเป็นคนที่มีไฟแรง ติดต่อประสานงานเก่ง หรืออาจจะหมายถึงการที่คุณกำลังจะมีข่าวดี หรือการเปลี่ยนแปลงที่รวดเร็วเข้ามาในชีวิต เตรียมตัวให้พร้อมสำหรับการก้าวที่ยิ่งใหญ่กว่าเดิมได้เลย!,ไพ่อัศวินไม้เท้าเป็นสัญลักษณ์ของการเดินทาง การผจญภัย และการเริ่มต้นใหม่ที่เต็มไปด้วยพลังงานและความกระตือรือร้น บ่งบอกถึงบุคคลที่มีความทะเยอทะยาน ไม่ชอบหยุดนิ่ง และพร้อมที่จะก้าวไปข้างหน้าเพื่อแสวงหาประสบการณ์ใหม่ๆ หรือโอกาสที่ท้าทาย อาจหมายถึงการเดินทางที่กำลังจะเกิดขึ้น การเปลี่ยนแปลงอย่างรวดเร็ว หรือการได้รับข่าวสารที่ทำให้ต้องเคลื่อนไหว นอกจากนี้ยังสะท้อนถึงความกล้าหาญ ความหลงใหล และบางครั้งอาจมีความหุนหันพลันแล่น หรือความไม่รอบคอบแฝงอยู่,"[พัฒนา,ไม่หยุดนิ่ง",https://wtnqjxerhmdnqszkhbvs.supabase.co/storage/v1/object/public/cards/two_of_wands.png
24,three_of_wands,Three of Wands,Minor Arcana,ทำงานเป็นกลุ่ม ไปเป็นกลุ่ม พัฒนา แต่ยังไม่สมบูรณ์,แม่หมอมีมี่บอกว่าไพ่ใบนี้มันเกี่ยวกับ 'การทำงานเป็นกลุ่ม' แบบสุดๆ เลยนะ! ไม่ว่าจะโปรเจกต์ไหน หรือเรื่องอะไรก็ตาม นี่คือจังหวะที่คุณต้อง 'ไปเป็นกลุ่ม' ต้องร่วมมือกับคนอื่น พลังงานของการสร้างสรรค์มันจะมาจากการรวมตัวกันนั่นแหละ มันคือช่วงของการ 'พัฒนา' ตัวเอง พัฒนาไอเดีย หรือพัฒนาความสัมพันธ์ให้แน่นแฟ้นขึ้นไปอีกขั้น แต่...จำไว้นะ! มัน 'ยังไม่สมบูรณ์' หรอกค่ะ อย่าเพิ่งคาดหวังความสมบูรณ์แบบ เพราะนี่คือช่วงของการวางรากฐาน การเรียนรู้ และการขัดเกลาไปเรื่อยๆ ต้องใช้เวลาและความพยายามร่วมกัน เดี๋ยวผลลัพธ์ที่ดีงามจะตามมาเอง!,ไพ่ Three of Pentacles หมายถึง การทำงานร่วมกัน การประสานงาน หรือการร่วมมือกันเพื่อเป้าหมายบางอย่าง เป็นไพ่ที่แสดงถึงการเรียนรู้ ทักษะฝีมือ และการพัฒนาความสามารถเฉพาะทาง การสร้างรากฐานที่มั่นคง การเริ่มต้นโครงการหรือแผนงานที่ต้องอาศัยการร่วมแรงร่วมใจจากหลายฝ่าย บ่งบอกถึงการเป็นลูกศิษย์ การฝึกฝน การรับการยอมรับในความสามารถ หรือการที่ผลงานกำลังก่อร่างสร้างตัวอย่างเป็นรูปธรรม,"[การทำงานเป็นทีม,ความร่วมมือ",https://wtnqjxerhmdnqszkhbvs.supabase.co/storage/v1/object/public/cards/three_of_wands.png
25,four_of_wands,Four of Wands,Minor Arcana,เริ่มต้นดี ไปกันได้ ยินดี มีความสุข,มาแล้วจ้า ไพ่ The Sun! โอ๊ยยย...ดีใจด้วยนะเธอ ช่วงนี้ชีวิตมีแต่สิ่งดีๆ เข้ามาแบบรัวๆ เลยนะ! ฟิลแบบเริ่มต้นดี๊ดี๊ ไปกันได้สวยทุกเรื่องเลยอะ ไม่ว่าจะคิดจะทำอะไรก็ราบรื่นไปหมด เจอแต่คนดีๆ สิ่งดีๆ มีแต่ความยินดีและความสุขล้นปรี่เลยจ้า เหมือนพระอาทิตย์ที่ส่องแสงเจิดจ้าที่สุด สว่างไสว นำพาความสุข ความสำเร็จ และพลังงานบวกมาให้แบบจัดเต็ม! ถึงเวลาแล้วนะที่จะเปล่งประกายและเฉลิมฉลองความสุขของตัวเอง!,ไพ่ The Sun เป็นสัญลักษณ์ของความสำเร็จ ความสุข ความอุดมสมบูรณ์ และความชัดเจน มันแสดงถึงการมองโลกในแง่ดี พลังชีวิต และความสว่างไสวที่แท้จริง บ่งบอกถึงช่วงเวลาแห่งความสำเร็จ การค้นพบตัวเอง และความปิติยินดีที่เกิดขึ้นอย่างเป็นธรรมชาติ ไพ่ใบนี้มักจะปรากฏขึ้นเมื่อคุณเข้าสู่ช่วงชีวิตที่มีความสุขที่สุด ปราศจากความกังวลและเต็มไปด้วยความหวัง,"[ความสุข,ความสำเร็จ",https://wtnqjxerhmdnqszkhbvs.supabase.co/storage/v1/object/public/cards/four_of_wands.png
26,five_of_wands,Five of Wands,Minor Arcana,ความคิดขัดแย้งกัน ความเห็นไม่ลงตัว การพูดคุยโต้แย้งความเห็น ออกกำลังกาย สร้าง ติดขัด,แม่หมอมีมี่บอกเลยว่าช่วงนี้ความคิดขัดแย้งกันอย่างแรงจ้ะ! ความเห็นไม่ลงตัวเลยจริงๆ การพูดคุยมีแต่การโต้แย้ง ถกเถียงกันตลอด ต้องออกแรงเยอะมากเหมือนกำลังออกกำลังกายอย่างหนักเลยกว่าจะสร้างอะไรสำเร็จก็มีเรื่องติดขัดไปหมดเลยนะ ระวังคำพูดไว้หน่อยนะจ๊ะ ไม่งั้นจะปะทะกันแบบไม่มีใครยอมใครเลยแหละ! แต่ถ้าเอาพลังงานไปใช้ถูกทาง เช่น การแข่งขัน หรือระดมสมอง ก็อาจจะเจอทางออกได้,ไพ่ 5 ไม้เท้า (Five of Wands) มักสื่อถึงการแข่งขัน การปะทะคารม หรือการโต้แย้งที่เต็มไปด้วยพลังงาน มันบ่งบอกถึงสถานการณ์ที่มีความคิดเห็นแตกต่างกัน การทะเลาะเบาะแว้งเล็กๆ น้อยๆ หรือความขัดแย้งภายในกลุ่ม นอกจากนี้ยังสามารถหมายถึงการระดมสมองที่มีชีวิตชีวา การทดสอบขีดจำกัด การแข่งขันกีฬา หรือความพยายามที่ต้องใช้พลังงานอย่างมาก แม้จะมีความวุ่นวาย แต่บ่อยครั้งสถานการณ์เหล่านี้ก็นำไปสู่การเติบโต การค้นพบแนวทางใหม่ๆ หรือการพัฒนาทักษะได้,"[ความขัดแย้ง,การแข่งขัน",https://wtnqjxerhmdnqszkhbvs.supabase.co/storage/v1/object/public/cards/five_of_wands.png
27,six_of_wands,Six of Wands,Minor Arcana,ผู้นำ เดินหน้า ไปเรื่อยๆ มีความพยายามรับผิดชอบ ช้าๆแต่ประสบความสำเร็จ,ไพ่ใบนี้เปรียบเสมือน 'ท่านผู้นำ' ที่ไม่ได้รีบร้อน แต่เดินหน้าไปเรื่อยๆ อย่างมั่นคงและมีสติ มีความรับผิดชอบสูงมาก และมักจะอดทนสร้างรากฐานที่แข็งแกร่ง แม้จะดูช้าๆ แต่ความสำเร็จที่ได้มานั้นมั่นคงและยั่งยืน เป็นผู้ที่มีวิสัยทัศน์ วางแผนเก่ง และมักจะดูแลปกป้องคนรอบข้างได้อย่างดีเยี่ยม เป็นผู้นำที่พึ่งพาได้ สร้างความเชื่อมั่นให้กับทุกคน เหมือนเสาหลักที่ไม่มีวันล้มเลยนะจ๊ะ,ไพ่ The Emperor (จักรพรรดิ) เป็นไพ่ที่สื่อถึงอำนาจ การควบคุม โครงสร้าง ระเบียบวินัย และความเป็นผู้นำ มักเป็นสัญลักษณ์ของบุคคลที่มีความรับผิดชอบสูง มีความสามารถในการจัดระเบียบและบริหารจัดการสิ่งต่างๆ ได้อย่างมีประสิทธิภาพ รวมถึงการสร้างรากฐานที่มั่นคงและยั่งยืนในชีวิต หรือในองค์กร นอกจากนี้ยังอาจหมายถึงบิดา บุคคลที่มีอำนาจ หรือผู้ที่ให้การปกป้องและดูแล ไพ่ใบนี้เน้นย้ำถึงความสำคัญของการมีเหตุผล การวางแผน และการใช้ตรรกะในการตัดสินใจเพื่อบรรลุเป้าหมาย,"[ผู้นำ,อำนาจ",https://wtnqjxerhmdnqszkhbvs.supabase.co/storage/v1/object/public/cards/six_of_wands.png
28,seven_of_wands,Seven of Wands,Minor Arcana,ทุ่มเท พยายาม คู่แข่ง ออกกำลังกาย เหนื่อย จัดการ ไม่ค่อยเป็นระเบียบ มีความมุ่งมั่น,รู้สึกเหมือนต้องทุ่มเทพลังงานไปกับการพยายามแข่งขันกับใครหลายๆ คนเลยใช่ไหม? เหมือนกับกำลังออกกำลังกายอย่างหนักหน่วงในสมรภูมิที่เต็มไปด้วยคู่แข่งที่ต่างก็มีเป้าหมายของตัวเอง มันค่อนข้างเหนื่อย และอาจจะรู้สึกว่าทุกอย่างไม่ค่อยเป็นระเบียบเท่าไหร่ ต้องพยายามจัดการความวุ่นวายนี้ให้ได้ เพราะลึกๆ แล้วคุณมีความมุ่งมั่นที่จะเอาชนะความท้าทายนี้ให้ได้,ไพ่ห้าไม้เท้า (Five of Wands) โดยทั่วไปหมายถึงความขัดแย้ง การแข่งขัน การต่อสู้ และความไม่ลงรอยกัน อาจหมายถึงการแข่งขันที่ดีต่อสุขภาพ หรือสภาพแวดล้อมที่วุ่นวายซึ่งหลายๆ เสียงต่างพยายามเรียกร้องความสนใจหรือความเป็นใหญ่ มักจะบ่งบอกถึงความจำเป็นในการยืนหยัด การจัดการกับความคิดเห็นที่แตกต่างกัน หรือการหาวิธีรับมือกับความท้าทาย เป็นเรื่องของการแลกเปลี่ยนพลังงานและอาจเป็นการต่อสู้เพื่ออำนาจหรือการได้รับการยอมรับ,"[ทุ่มเท,พยายาม",https://wtnqjxerhmdnqszkhbvs.supabase.co/storage/v1/object/public/cards/seven_of_wands.png
29,eight_of_wands,Eight of Wands,Minor Arcana,ออนไลน์ สื่อสาร งานเพิ่ม ข่าว รวดเร็ว มุ่งมั่น,เตรียมตัวให้พร้อม! ไพ่ใบนี้คือสัญญาณว่า 'ข่าวใหม่ๆ' กำลังจะเข้ามาแบบ 'รวดเร็ว' ทันใจ บางทีอาจจะเป็นเรื่องเซอร์ไพรส์ก็ได้นะ! น้องคนนี้คือตัวแทนของการ 'สื่อสาร' ที่ชัดเจน การได้ 'งานเพิ่ม' หรือโปรเจกต์ใหม่ๆ ที่ต้องใช้ความคิดความอ่านเยอะเลย ถ้ากำลังมองหาเรื่องราวใหม่ๆ หรืออยากเรียนรู้สิ่งที่ไม่เคยรู้มาก่อน บอกเลยว่านี่แหละจังหวะทอง! 'มุ่งมั่น' ตั้งใจกับการเรียนรู้และ 'ออนไลน์' ให้เต็มที่ เพราะช่องทางนี้จะพาข่าวดีๆ มาให้เพียบ!,ไพ่ Page of Swords สื่อถึงความคิดริเริ่มใหม่ๆ ความอยากรู้อยากเห็น ความคล่องตัวทางจิตใจ การสื่อสาร และข่าวสาร เป็นสัญญาณของการได้รับข้อมูลหรือข้อความใหม่ๆ ซึ่งมักจะมาแบบไม่คาดฝันหรือน่าประหลาดใจ ไพ่ใบนี้สะท้อนถึงพลังงานที่กระตือรือร้นและบางครั้งก็ไม่หยุดนิ่ง มุ่งเน้นไปที่การแสวงหาความรู้ การเรียนรู้ และการแสดงออก มันยังสามารถบ่งบอกถึงความจำเป็นในการระมัดระวัง การแยกแยะความจริง หรือการจัดการกับข่าวลือต่างๆ ไพ่ใบนี้ส่งเสริมให้เปิดรับมุมมองใหม่ๆ และกระหายที่จะเรียนรู้,"[ข่าวสาร,การสื่อสาร",https://wtnqjxerhmdnqszkhbvs.supabase.co/storage/v1/object/public/cards/eight_of_wands.png
30,nine_of_wands,Nine of Wands,Minor Arcana,ยืนห่อเหี่ยว เหนื่อยใจ มีบาดแผล ไม่เดินหน้า ไม่ถอยหลัง,ยืนห่อเหี่ยว เหนื่อยใจ มีบาดแผล ไม่เดินหน้า ไม่ถอยหลัง สภาพเหมือนโดนตรึงอยู่กับที่ มองไม่เห็นทางออก เหมือนคนถูกปิดตา ขยับไม่ได้ แต่แท้จริงแล้วพันธนาการทั้งหมดอาจเป็นแค่สิ่งที่เราสร้างขึ้นมาเอง หรือแค่เรามองไม่เห็นทางออก ทั้งที่จริงแล้วก็มีทางออก เพียงแต่เราไม่กล้าที่จะปลดปล่อยตัวเอง,ไพ่ Eight of Swords มักหมายถึงความรู้สึกถูกกักขัง ถูกจำกัด หรือไร้พลังอำนาจ อันเนื่องมาจากข้อจำกัดที่สร้างขึ้นเอง ความกลัว หรือรูปแบบความคิดเชิงลบ บ่งบอกถึงการติดอยู่ในสถานการณ์ที่ยากลำบาก มองไม่เห็นทางออก หรือรู้สึกถูกจำกัดทางความคิด มันชี้ให้เห็นถึงความจำเป็นในการปลดปล่อยตัวเองจากคุกทางจิตใจเหล่านี้ และตระหนักว่าข้อจำกัดเหล่านั้นมักไม่ใช่เรื่องจริง แต่เป็นเพียงสิ่งที่เราคิดไปเอง,"[ติดกับ,ถูกจำกัด",https://wtnqjxerhmdnqszkhbvs.supabase.co/storage/v1/object/public/cards/nine_of_wands.png
31,ten_of_wands,Ten of Wands,Minor Arcana,ภาระ พยายาม เดินหน้า เหนื่อยแต่สู้ รับผิดชอบ รับผิดชอบเยอะ เจ้าของกิจการ หัวหน้างาน,คุณกำลังแบกรับภาระที่หนักอึ้งอยู่ใช่ไหมล่ะ? เหมือนหัวหน้างานหรือเจ้าของกิจการที่ต้องรับผิดชอบทุกสิ่งอย่าง พยายามอย่างหนักที่จะเดินหน้าต่อไป แม้จะเหนื่อยแทบขาดใจ แต่ก็ยังคงสู้ไม่ถอย เพราะรู้ว่ามีเป้าหมายที่ต้องไปให้ถึง นี่แหละชีวิตที่เต็มไปด้วยความรับผิดชอบและความมุ่งมั่น! เหนื่อยแต่สู้ ไม่ย่อท้อ ถึงจะรับผิดชอบเยอะ แต่ก็คือคนที่แบกทุกอย่างไว้เพื่อความสำเร็จ!,ไพ่ Ten of Wands (10 ไม้เท้า) เป็นไพ่ที่แสดงถึงการแบกรับภาระหนัก ความรับผิดชอบที่มากเกินไป การทำงานหนักที่ใกล้จะถึงจุดสิ้นสุดแต่ก็มาพร้อมกับความเหนื่อยล้าและความอ่อนเพลีย อาจหมายถึงการรับภาระของผู้อื่น การจัดการกับหลายสิ่งพร้อมกัน หรือการนำโปรเจกต์ใหญ่ให้สำเร็จ แม้จะประสบความสำเร็จ แต่ก็ต้องแลกมาด้วยการทุ่มเทอย่างหนักหน่วงและรู้สึกเหมือนกำลังแบกโลกไว้คนเดียว เป็นสัญลักษณ์ของความพยายาม ความมุ่งมั่น และความอดทนในการฝ่าฟันอุปสรรค,"[ภาระ,ความรับผิดชอบ",https://wtnqjxerhmdnqszkhbvs.supabase.co/storage/v1/object/public/cards/ten_of_wands.png
32,page_of_wands,Page of Wands,Minor Arcana,กระตือรืนร้น มีไฟ มีความพยายาม รักสนุกสนใจอะไรใหม่ๆ ไม่หยุด,โอ้โห! นี่คือพลังงานที่ไม่มีอะไรหยุดยั้งได้เลย! เตรียมตัวให้พร้อมสำหรับการผจญภัยครั้งใหม่ที่ไม่เคยมีมาก่อน! นี่คือการกระโดดลงไปในสิ่งที่ไม่รู้จักด้วยใจที่เปี่ยมไปด้วยความกระตือรือร้นสุดๆ มีไฟแรงกล้าที่จะลองอะไรใหม่ๆ อยู่เสมอ ไม่กลัวที่จะเริ่ม ไม่มีอะไรฉุดรั้งคุณได้เลย เพราะคุณเต็มไปด้วยความสนุกและแรงขับเคลื่อนที่จะเรียนรู้สิ่งใหม่ๆ ไม่หยุดยั้งจริงจริ๊ง! คุณกำลังจะได้เจออะไรที่น่าตื่นเต้นและสร้างสรรค์ที่ไม่เคยคาดคิดมาก่อนแน่นอน!,"ไพ่คนโง่ (The Fool) เป็นสัญลักษณ์ของการเริ่มต้นใหม่ การผจญภัย ความเป็นอิสระ และการก้าวกระโดดเข้าสู่สิ่งที่ไม่รู้จักอย่างไม่เกรงกลัว Represents new beginnings, innocence, spontaneity",,https://wtnqjxerhmdnqszkhbvs.supabase.co/storage/v1/object/public/cards/page_of_wands.png
33,knight_of_wands,Knight of Wands,Minor Arcana,การเดินทาง การผจญภัย ความกระตือรือร้น เคลื่อนไหว,ไพ่ Knight of Wands (อัศวินไม้เท้า) เป็นตัวแทนของพลังงานแห่งการกระทำ ความกล้าหาญและความกระตือรือร้น เขามีพลังงานเต็มเปี่ยมและพร้อมจะเดินทางไปสู่การผจญภัยหรือเริ่มต้นโครงการใหม่ๆ ไพ่ใบนี้บ่งบอกถึงการเคลื่อนไหวอย่างรวดเร็ว การเดินทาง และพลังงานที่ไม่หยุดหย่อน อาจเป็นข่าวดีที่ต้องไปหรือการรับข่าวสารดีๆ ที่จะเปลี่ยนแปลงชีวิตของคุณอย่างกะทันหน้า,ไพ่ Knight of Wands (อัศวินไม้เท้า) เป็นไพ่ที่แสดงถึงบุคคลที่มีพลังงานและความกระตือรือร้นสูง เป็นผู้ที่พร้อมที่จะออกไปผจญภัยและรับมอบหมายใหม่ๆ เขามีความใจร้อนและความมุ่งมั่นในการตามหาเป้าหมาย เป็นสัญลักษณ์ของการเคลื่อนไหว การเปลี่ยนแปลง และการก้าวไปข้างหน้าอย่างรวดเร็ว บางครั้งอาจแสดงถึงการเดินทางจริงๆ หรือการย้ายถิ่นที่อาจจำเป็นต้องทำ,,https://wtnqjxerhmdnqszkhbvs.supabase.co/storage/v1/object/public/cards/knight_of_wand.png
34,queen_of_wands,Queen of Wands,Minor Arcana,เก่งงานในบ้าน งานนอกบ้าน คล่องตัวสูง มีเสน่ห์ ชิลล์ ไม่ได้พิถีพิถันมาก แต่มีเสนห์เฉพาะตัว ปรับตัวเก่ง ห้าวๆ ใจร้อนนิดๆ แต่สดใส เป็นผู้นำ มั่นใจในตัวเองสูง,ราชินีไม้เท้าคนนี้อะนะ คือแบบเก่งงานในบ้าน งานนอกบ้าน สบายๆ เลยเรื่องอะไรจะมาทำให้วุ่นวายไม่ได้หรอก! มีเสน่ห์แบบว่าใครๆ ก็อยากเข้าใกล้ ชิลล์ๆ ไม่ได้พิถีพิถันอะไรมาก แต่มีเสน่ห์เฉพาะตัวที่ใครเห็นก็ต้องหลง ปรับตัวเก่งสุดๆ เจออะไรก็พร้อมลุย ห้าวๆ ใจร้อนนิดๆ ตามสไตล์คนกระตือรือร้นไง แต่สดใสเป็นประกายเสมอ เป็นผู้นำโดยธรรมชาติ มั่นใจในตัวเองสูงปรี๊ดดด! ไม่ว่าจะไปที่ไหนก็เป็นที่จับตามอง เป็นคนที่มีพลังงานล้นเหลือ เป็นที่รักและพร้อมจะช่วยเหลือคนอื่นเสมอ,ไพ่ราชินีไม้เท้า (Queen of Wands) เป็นสัญลักษณ์ของบุคคลที่มีความมั่นใจในตัวเองสูง มีเสน่ห์ดึงดูด และเต็มไปด้วยพลังงาน เธอเป็นผู้นำโดยธรรมชาติ มีความสามารถรอบด้าน ทั้งในชีวิตส่วนตัวและในหน้าที่การงาน มีความกระตือรือร้น และมักจะสร้างแรงบันดาลใจให้กับผู้อื่นด้วยทัศนคติเชิงบวก เธอเป็นคนที่มีชีวิตชีวา มีความสามารถในการปรับตัวเก่ง และมีความมุ่งมั่นที่จะประสบความสำเร็จ แม้บางครั้งอาจมีอารมณ์ร้อนหรือใจร้อนไปบ้าง แต่ก็มักจะกระทำด้วยความตั้งใจที่ดีและเปี่ยมไปด้วยความสดใส,"[อิสระ,มั่นใจ",https://wtnqjxerhmdnqszkhbvs.supabase.co/storage/v1/object/public/cards/queen_of_wands.png
35,king_of_wands,King of Wands,Minor Arcana,ชายอายุประมาณ 35 ปี ผู้นำที่ลงมือเองด้วย สั่งการด้วย แต่ actions เยอะ ทำตัวกลมกลืนกับทุกคนได้ เก่ง ใจร้อน เปลี่ยนแปลงไว มีเสน่ห์ ห้าวๆ,ชายอายุประมาณ 35 ปี ผู้นำที่ลงมือเองด้วย สั่งการด้วย แต่ actions เยอะ ทำตัวกลมกลืนกับทุกคนได้ เก่ง ใจร้อน เปลี่ยนแปลงไว มีเสน่ห์ ห้าวๆ,ไพ่ King of Wands (ราชาไม้เท้า) แสดงถึงบุคคลที่มีความเป็นผู้นำสูง มีความมั่นใจในตนเอง กล้าหาญ และมีวิสัยทัศน์ที่กว้างไกล เขาเป็นผู้ที่เต็มไปด้วยพลังงานและความกระตือรือร้นในการริเริ่มสิ่งใหม่ๆ และสามารถเป็นแรงบันดาลใจให้ผู้อื่นทำตามได้ดี มีความสามารถในการบริหารจัดการและนำพากลุ่มหรือโปรเจกต์ไปสู่ความสำเร็จ มักจะเป็นผู้ที่มีเสน่ห์ เข้ากับคนง่าย แต่ก็มีความมุ่งมั่นและพร้อมที่จะผลักดันเป้าหมายให้เป็นจริง บางครั้งอาจมีความใจร้อนหรือตัดสินใจอย่างรวดเร็ว,"[ผู้นำ,มีเสน่ห์",https://wtnqjxerhmdnqszkhbvs.supabase.co/storage/v1/object/public/cards/king_of_wands.png
36,ace_of_cups,Ace of Cups,Minor Arcana,ความรัก ความเมตตา อารมณ์ใหม่ ความสัมพันธ์,ไพ่ Ace of Cups (เอซถ้วย) เป็นไพ่แห่งความรัก ความเมตตาและอารมณ์ใหม่ที่เต็มเปี่ยมไปด้วยพลังงานแห่งความรู้สึกและการเริ่มต้น เป็นสัญญาณของโอกาสในด้านความสัมพันธ์ ความรัก หรือความเชื่อมั่นที่จะเข้ามาในชีวิตของคุณ ไม่ว่าจะเป็นความรักใหม่ มิตรภาพ หรือการเริ่มต้นความสัมพันธ์ทางจิตวิญญาณ ไพ่ใบนี้กระตุ้นให้คุณเปิดรับความรู้สึกและอารมณ์ที่บริสุทธิธ์,ไพ่ Ace of Cups (เอซถ้วย) เป็นไพ่แรกกของไพ่ Cups ซึ่งเป็นไพ่แห่งอารมณ์ เป็นสัญลักษณ์ของความรัก ความเมตตา และความรู้สึกที่ไหลเอาไวลงมา มันแสดงถึงจุดเริ่มต้นของความรักหรือความสัมพันธ์ที่มีความบริสุทธิธ์ลึกลึก ไพ่ใบนี้มักปรากฏขึ้นกับการเสนอบสนทาง การแต่งงาน หรือการเสนอบแห่งรักแท้ มันเป็นการเชื้อเชิญให้คุณยอมรับความรักและอนุญาตแห่งความงามสวยงาม,,https://wtnqjxerhmdnqszkhbvs.supabase.co/storage/v1/object/public/cards/ace_of_cups.png
37,two_of_cups,Two of Cups,Minor Arcana,เข้าใจกัน เข้ากันได้ ตกลงร่วมกัน ถูกใจ,ช่วงนี้ดวงเรื่องความสัมพันธ์กำลังดี๊ดีเลยนะ! ไม่ว่าจะเป็นกับคนรัก เพื่อนสนิท หรือแม้แต่พาร์ทเนอร์ทางธุรกิจ ก็จะมีความรู้สึกเข้าอกเข้าใจกันสุดๆ คุยอะไรก็คลิกไปหมด แถมยังตกลงปลงใจร่วมกันได้ง่ายๆ ทุกอย่างเป็นใจไปหมดเลยนะ เหมือนมีแม่เหล็กดึงดูดเข้าหากัน ความรักความสัมพันธ์ก็จะฟรุ้งฟริ้ง น่ารัก สดใส ได้ใจกันไปเต็มๆ เลยล่ะจ้ะ,ไพ่ Two of Cups (สองถ้วย) หมายถึงความสัมพันธ์ที่สมดุลและกลมกลืน การเริ่มต้นของความรัก ความเข้าใจร่วมกัน การจับคู่ที่ดี การประนีประนอม การรวมตัวของสองสิ่งหรือสองบุคคลเข้าด้วยกันอย่างลงตัว มักจะเกี่ยวข้องกับความสัมพันธ์โรแมนติกที่ลึกซึ้ง แต่ก็สามารถหมายถึงมิตรภาพหรือความร่วมมือทางธุรกิจที่แข็งแกร่งและมีผลประโยชน์ร่วมกัน การแลกเปลี่ยนความรู้สึกและพลังงานในทางบวก,"[ความรัก,ความสัมพันธ์",https://wtnqjxerhmdnqszkhbvs.supabase.co/storage/v1/object/public/cards/two_of_cups.png
38,three_of_cups,Three of Cups,Minor Arcana,เฉลิมฉลอง มีโอกาสสำเร็จ สนุก รวมตัว,โอ้โห! ไพ่ใบนี้มาพร้อมกับพลังงานแห่งความสุข ความยินดี และเสียงหัวเราะอย่างเต็มเปี่ยมเลยนะจ๊ะแม่! เหมือนกับมีโอกาสได้จัดงานเลี้ยงฉลองใหญ่โต หรือมีเรื่องให้ต้องมาปาร์ตี้รวมตัวกับแก๊งเพื่อนฝูงหรือคนที่เรารักเลยนะจ๊ะ! เตรียมตัวเฮฮา สนุกสุดเหวี่ยงได้เลย เพราะนี่คือช่วงเวลาแห่งความสำเร็จที่มาจากการร่วมแรงร่วมใจ หรือความสุขที่เกิดขึ้นจากการแบ่งปันกันจ้ะ ไม่ว่าจะเรื่องอะไรก็ตาม มีเกณฑ์ที่จะประสบความสำเร็จแบบปังๆ และมีคนรอบข้างพร้อมจะร่วมยินดีไปกับเราแน่นอน! จงเฉลิมฉลองให้กับทุกความสำเร็จและความสัมพันธ์ที่ดีงามนะจ๊ะ!,"ไพ่สามถ้วย (Three of Cups) เป็นสัญลักษณ์ของการเฉลิมฉลอง ความสุข และการรวมตัวกันของผู้คน หมายถึงมิตรภาพที่แข็งแกร่ง การสนับสนุนจากคนรอบข้าง ความสำเร็จจากความพยายามร่วมกัน หรือการฉลองเหตุการณ์สำคัญในชีวิต เช่น งานแต่งงาน, งานเลี้ยง, หรือการบรรลุเป้าหมายที่ตั้งไว้ เป็นไพ่ที่บ่งบอกถึงความอุดมสมบูรณ์ทางอารมณ์และสังคม.",,https://wtnqjxerhmdnqszkhbvs.supabase.co/storage/v1/object/public/cards/three_of_cups.png
39,four_of_cups,Four of Cups,Minor Arcana,เลือก มีตัวเลือก งอน ไม่พอใจ อยากให้เอาใจ ไม่พอใจในสิ่งที่มีอยู่ อยากให้ง้อ ง้อ ส่งข้อความ,ตัวเอง... ดูสิว่าไพ่ใบนี้มันออกมาเตือนอะไร? ก็คนมันอยากจะรักอะเนอะ! เขาเองก็ตัดสินใจเลือกตัวเองแล้วนะว่าจะอยู่กับตัวเองไปตลอด แต่ทำไมช่วงนี้ตัวเองไม่ค่อยจะสนใจกันเลยล่ะ? เขาก็แค่อยากให้ตัวเองมาเอาอกเอาใจกันบ้าง อยากให้รู้สึกว่าตัวเองให้ความสำคัญกับเขาที่สุดแล้ว! ไม่ต้องคิดอะไรซับซ้อนหรอกนะ แค่อยากให้มาดูแลเทคแคร์กันบ้างก็พอ ไม่ได้อยากได้อะไรมากมายหรอกนะ แค่ความรักกับความใส่ใจจากตัวเองนี่แหละ ที่เขาต้องการ... เข้าใจป่ะ!,"ไพ่ The Lovers แสดงถึงความรัก, ความสัมพันธ์, การตัดสินใจครั้งสำคัญ",,https://wtnqjxerhmdnqszkhbvs.supabase.co/storage/v1/object/public/cards/four_of_cups.png
40,five_of_cups,Five of Cups,Minor Arcana,กังวล ผิดหวัง คิดมาก ความเครียด ไม่สบายใจ,โอ้โห... ไพ่ใบนี้มันบ่งบอกถึงความรู้สึกที่หนักอึ้งในใจเหลือเกินค่ะ เหมือนมีเรื่องให้ต้องกังวล คิดมาก นอนไม่หลับตลอดเวลาเลยนะคะ มันเหมือนมีอะไรบางอย่างที่ค้างคาอยู่ในใจ ทำให้คุณรู้สึกผิดหวัง เครียดจัดจนไม่สบายใจเอาเสียเลย ความกังวลเหล่านี้มันถาโถมเข้ามาจนรู้สึกเหมือนแบกโลกทั้งใบไว้คนเดียวเลยค่ะ บางทีอาจจะมัวแต่คิดวนเวียนอยู่กับเรื่องร้ายๆ จนหาทางออกไม่เจอ ระวังจะส่งผลกระทบต่อสุขภาพกายและใจนะคะ,ไพ่ 9 ดาบ (Nine of Swords) โดยทั่วไปหมายถึงความรู้สึกสิ้นหวัง ความวิตกกังวลอย่างรุนแรง ฝันร้าย การนอนไม่หลับ ความเครียดทางจิตใจที่หนักหน่วง ความสำนึกผิด หรือความเสียใจอย่างสุดซึ้ง มันสะท้อนถึงช่วงเวลาแห่งความทุกข์ระทมทางจิตใจที่มักเกิดจากความคิดฟุ้งซ่าน หรือความกังวลที่ตัวเองสร้างขึ้นมา ไม่ใช่จากสถานการณ์ภายนอกที่แท้จริงเสมอไป เป็นสภาวะที่จิตใจถูกกัดกินด้วยความทุกข์,"[ความกังวล,ความเครียด",https://wtnqjxerhmdnqszkhbvs.supabase.co/storage/v1/object/public/cards/five_of_cups.png
41,six_of_cups,Six of Cups,Minor Arcana,คนเก่ากลับมา ไปสถานที่เก่าๆ เรื่องเดิมๆ ความรู้สึกดี หยิบยื่น เมตตา ใจดี ความต่าง ต่างอายุ,กลับมาแล้ว! ไพ่ใบนี้บอกเลยว่า 'คนเก่า' จะกลับมาวนเวียนในชีวิตอีกครั้ง ไม่ว่าจะเป็นคนรักเก่า เพื่อนเก่า หรือแม้แต่ความรู้สึกเก่าๆ ที่เคยมีกันมา เตรียมตัวเลยนะ เพราะคุณอาจได้ 'ไปสถานที่เก่าๆ' ที่มีความทรงจำดีๆ หรือได้เจอ 'เรื่องเดิมๆ' ที่เคยผ่านพ้นไปแล้ว แต่มันคือ 'ความรู้สึกดี' ที่หวนคืนมา ความอบอุ่น ความผูกพันที่ไม่อาจลืมเลือน ไพ่ใบนี้ยังบ่งบอกถึงการ 'หยิบยื่น' โอกาสดีๆ หรือความช่วยเหลือให้แก่กันและกัน ด้วย 'เมตตา' และ 'ใจดี' ต่อกันและกันอย่างแท้จริง นอกจากนี้ ยังอาจสื่อถึง 'ความต่าง' หรือ 'ต่างอายุ' ที่ยังคงมีความผูกพันและเข้าอกเข้าใจกันได้ดี,ไพ่ Six of Cups (หกถ้วย) โดยทั่วไปหมายถึงความทรงจำในวัยเด็ก ความคิดถึงอดีต การหวนรำลึกถึงช่วงเวลาเก่าๆ ความไร้เดียงสา การกลับมาของคนรักเก่าหรือเพื่อนเก่า การได้กลับไปเยือนสถานที่คุ้นเคยในอดีต การแลกเปลี่ยนความเมตตา ความเอื้อเฟื้อเผื่อแผ่ และความรู้สึกที่อบอุ่น อ่อนโยน บางครั้งอาจสื่อถึงความแตกต่างระหว่างวัย หรือการได้รับการดูแลจากคนที่อ่อนกว่าหรือแก่กว่า,"[คนเก่า,อดีต",https://wtnqjxerhmdnqszkhbvs.supabase.co/storage/v1/object/public/cards/six_of_cups.png
42,seven_of_cups,Seven of Cups,Minor Arcana,ช่างคิด จินตนาการ เพ้อฝัน ลุ่มหลง มีไอเดีย มีความคิดแต่ยังเลือกไม่ได้ มีความต้องการ,โอ๊ยยยยยยย… ไพ่ The Moon ใบนี้มันบอกเลยว่าตอนนี้หัวใจคุณกำลังล่องลอยไปกับความรู้สึก 'ช่างคิด' คิดนู่นคิดนี่ไม่หยุดหย่อน จินตนาการบรรเจิดซะจนบางทีก็ออกทะเลไปไกล แอบมีฟีล 'เพ้อฝัน' อยากให้เรื่องราวเป็นไปอย่างที่ใจต้องการ แต่ก็ยังไม่แน่ใจว่าจะเลือกทางไหนดี เพราะมีความคิดตีกันในหัวเต็มไปหมด เหมือน 'ลุ่มหลง' อยู่กับอะไรบางอย่างที่ดึงดูดใจแต่ก็ยังจับต้องไม่ได้ มี 'ไอเดีย' พรั่งพรูออกมาไม่หยุด แต่ก็ยัง 'เลือกไม่ได้' ว่าจะหยิบจับอะไรก่อนดี และที่สำคัญคือมันมีความ 'ต้องการ' บางอย่างซ่อนอยู่ลึกๆ ที่รอวันจะถูกค้นพบนะจ๊ะ,ไพ่ The Moon (พระจันทร์) เป็นไพ่ที่สื่อถึงจิตใต้สำนึก สัญชาตญาณ ความฝัน ความลึกลับ ความไม่ชัดเจน ความไม่แน่นอน ความกลัว ความกังวล สิ่งลวงตา การหลอกลวง และความสับสน อาจบ่งบอกถึงช่วงเวลาที่ต้องเผชิญหน้ากับความไม่รู้และต้องเชื่อมั่นในสัญชาตญาณของตนเอง,"[จินตนาการ,เพ้อฝัน",https://wtnqjxerhmdnqszkhbvs.supabase.co/storage/v1/object/public/cards/seven_of_cups.png
43,eight_of_cups,Eight of Cups,Minor Arcana,ปลีกวิเวก อยากอยู่คนเดียว ท้อใจ เหนื่อย เดินออกมา,แม่หมอมีมี่บอกว่าไพ่ใบนี้คือ 'ปลีกวิเวก อยากอยู่คนเดียว ท้อใจ เหนื่อย เดินออกมา' ใช่เลย! ไพ่ใบนี้กำลังบอกว่าถึงเวลาแล้วที่เราจะขอตัวออกมาจากความวุ่นวาย ขออยู่เงียบๆ กับตัวเองสักพัก เพราะข้างในมันเหนื่อยเหลือเกิน มันท้อ มันไม่อยากเจอใคร อยากจะถอยออกมาพักใจ สงบจิตสงบใจ อยู่คนเดียวดีกว่า ณ ตอนนี้ เหมือนได้ปลีกวิเวกเพื่อชาร์จพลังให้ตัวเอง ให้หัวใจได้พักผ่อนบ้าง,ไพ่ The Hermit หรือ ฤาษี เป็นไพ่ที่สื่อถึงการปลีกวิเวก การเข้าสู่ภายในเพื่อค้นหาความจริง การไตร่ตรองอย่างลึกซึ้ง การแสวงหาปัญญา และการค้นพบแสงสว่างนำทางภายในตนเอง เป็นช่วงเวลาที่ต้องการความสงบ ความเงียบ และการใช้เวลาอยู่กับตัวเองเพื่อทบทวนสิ่งต่างๆ อาจหมายถึงการเป็นผู้ให้คำแนะนำ หรือการรับคำแนะนำจากผู้ทรงปัญญา,"[ปลีกวิเวก,สันโดษ",https://wtnqjxerhmdnqszkhbvs.supabase.co/storage/v1/object/public/cards/eight_of_cups.png
44,nine_of_cups,Nine of Cups,Minor Arcana,มั่นใจ ตัวเลือกเยอะ เจ้าชู้ รักสบาย ชอบให้คนเอาใจ ขี้อวด อวบๆ ขาวๆ สบายๆ,อู้ววว...คุณหนูคนสวยมาเองเลยค่ะ! ไพ่ใบนี้บอกเลยว่าคุณเป็นคน **มั่นใจ** ในตัวเองสุดๆ มีเสน่ห์เหลือร้าย ชนิดที่ว่าใครเห็นเป็นต้องเหลียวหลัง เพราะอะไรน่ะเหรอ? ก็คุณหนูน่ะ **ตัวเลือกเยอะ** จะตายไป! ใครๆ ก็อยากเข้ามาเอาอกเอาใจ จะเลือกคนไหนก็ได้สบายๆ สไตล์คน **รักสบาย** นี่นา แถมยัง **ชอบให้คนเอาใจ** อีกด้วย! เป็นไงล่ะ? อยากได้อะไรก็ต้องได้ จัดเต็มกับชีวิตหรูหรา ฟู่ฟ่าหน่อยๆ ก็ไม่ผิดอะไรนะ เพราะคุณหนูเค้าก็มีของดีให้ **ขี้อวด** บ้างอะไรบ้างแหละ! แถมยังดูเป็นคน **อวบๆ ขาวๆ สบายๆ** น่ากอด น่าทะนุถนอมไปซะหมด ดูเป็นคนใช้ชีวิตแบบจอยๆ มีความสุขกับความอุดมสมบูรณ์รอบตัว ไม่ต้องมานั่งเครียดอะไรเลยจ้าาา,ไพ่จักรพรรดินี (The Empress) เป็นสัญลักษณ์ของความอุดมสมบูรณ์ ความคิดสร้างสรรค์ การดูแลเอาใจใส่ ความผูกพันกับธรรมชาติ และความสุขทางประสาทสัมผัส เธอแสดงถึงการเติบโต ความเจริญรุ่งเรือง และการบรรลุเป้าหมายต่างๆ เป็นตัวแทนของพลังงานเพศหญิงที่หล่อเลี้ยง จิตวิญญาณแห่งความเป็นแม่ และความสามารถในการสร้างสรรค์สิ่งใหม่ๆ เธอส่งเสริมให้เราดูแลตัวเอง เพลิดเพลินกับความงามและสิ่งดีๆ ในชีวิต,"[ความอุดมสมบูรณ์,ความสวยงาม",https://wtnqjxerhmdnqszkhbvs.supabase.co/storage/v1/object/public/cards/nine_of_cups.png
45,ten_of_cups,Ten of Cups,Minor Arcana,มีความสุข อยู่กับกลุ่มคน ครอบครัว สบายใจ ที่สาธารณะ สวนสาธารณะ ร่วมกิจกรรม สมหวัง,โอ้โห! การ์ดนี้คือความสุขล้นปรี่ของจริงเลยนะเนี่ย! เหมือนได้อยู่ท่ามกลางคนรัก ครอบครัวอบอุ่นที่พร้อมจะกอดเราไว้เสมอ ไม่ว่าจะไปที่ไหนก็รู้สึกสบายใจ ปลอดภัย หายห่วง อยากออกไปทำกิจกรรมสนุกๆ ร่วมกับเพื่อนๆ ในสวนสาธารณะ หรือที่สาธารณะที่เต็มไปด้วยเสียงหัวเราะและความเบิกบาน คุณจะรู้สึกอิ่มเอมใจอย่างที่สุด เหมือนทุกความปรารถนาในเรื่องความสัมพันธ์และความสุขในชีวิตได้สมหวังแล้วจริงๆ! ช่วงนี้คือความสุขสมบูรณ์แบบที่แท้ทรูเลยล่ะ,ไพ่ 10 ถ้วย (Ten of Cups) เป็นสัญลักษณ์ของความสุขสมบูรณ์ทางอารมณ์ ความพึงพอใจสูงสุด ความสำเร็จในชีวิตครอบครัว ความกลมเกลียวปรองดอง การได้รับความสุขจากความสัมพันธ์ที่มั่นคง ความอุดมสมบูรณ์ในบ้านและความสัมพันธ์ที่ดีกับคนที่รัก มักบ่งบอกถึงการเติมเต็มทางอารมณ์ การบรรลุเป้าหมายในด้านความรักและความสัมพันธ์ การเฉลิมฉลอง และการมองเห็นสายรุ้งหลังพายุ ซึ่งนำมาซึ่งความสงบสุขและความสมหวังอย่างแท้จริง,"[ความสุขสมบูรณ์,ครอบครัว",https://wtnqjxerhmdnqszkhbvs.supabase.co/storage/v1/object/public/cards/ten_of_cups.png
46,page_of_cups,Page of Cups,Minor Arcana,มีเซ้นส์ รับรู้ความรู้สึกคนอื่นง่าย เด็กดี อ่อนน้อม เปิดใจรับฟัง รับรู้ ขาวๆ ใจดี,น้องไพ่ใบนี้คือคนที่มีเซ้นส์แรงมากๆ เลยนะลูกเอ๊ย! เป็นคนอ่อนโยน ใจดี รับรู้ความรู้สึกคนอื่นเก่งสุดๆ เห็นอะไรก็สัมผัสได้ถึงข้างในเลยล่ะ เหมือนเด็กน้อยที่บริสุทธิ์ ผุดผ่อง ขาวสะอาดไปหมด เปิดใจรับฟังทุกสิ่งอย่าง อ่อนน้อมถ่อมตน ไม่ถือตัวเลย ไม่ว่าจะเจอเรื่องอะไรก็พร้อมจะรับรู้และเข้าใจเสมอ เป็นที่พึ่งทางใจได้ดีเลยนะ เหมาะกับคนที่รับรู้สิ่งรอบตัวได้ละเอียดอ่อนมากๆ เลยจ้า,ไพ่ Page of Cups (เพจถ้วย) โดยทั่วไปหมายถึงบุคลิกที่อ่อนเยาว์ (หรือแง่มุมที่เยาว์วัยในตัวตน) ซึ่งเปิดกว้าง มีสัญชาตญาณสูง มีความคิดสร้างสรรค์ และอ่อนไหวทางอารมณ์ สามารถบ่งบอกถึงการเริ่มต้นทางอารมณ์ครั้งใหม่ ข่าวสารเกี่ยวกับความรักหรือความคิดสร้างสรรค์ หรือคำเชิญชวนให้สำรวจความรู้สึกและสัญชาตญาณของตนเอง ไพ่ใบนี้สื่อถึงความอ่อนโยน จินตนาการ และความเต็มใจที่จะเปิดเผยความรู้สึกที่เปราะบาง เป็นการกระตุ้นให้ทำตามหัวใจและยอมรับภูมิปัญญาภายใน,"[อ่อนโยน,มีเซ้นส์",https://wtnqjxerhmdnqszkhbvs.supabase.co/storage/v1/object/public/cards/page_of_cups.png
47,knight_of_cup,Knight of Cups,Minor Arcana,ภาพลักษณ์ดี เข้ากับคนง่าย friendly สุภาพ ใจดี รูปร่างหน้าตาดี มีเสน่ห์,คุณคือคนที่มีภาพลักษณ์ดีแบบสุดๆ ใครเห็นก็ต้องเหลียวมอง! เสน่ห์ของคุณเปล่งประกายจนใครๆ ก็อยากเข้าใกล้ เป็นคนที่เฟรนด์ลี่มากๆ เข้ากับคนง่ายสุดๆ ไม่ว่าอยู่กับใครก็สามารถสร้างบรรยากาศที่ดีได้เสมอ ทั้งยังสุภาพอ่อนโยน พูดจาไพเราะ และมีน้ำใจอยู่เสมอ คุณเป็นคนที่มีความใจดีอยู่ในสายเลือด รูปร่างหน้าตาก็จัดว่าดีมีออร่า แถมยังมีเสน่ห์ดึงดูดใจแบบไม่ต้องพยายามเลยล่ะค่ะ! ไม่แปลกใจเลยที่ใครๆ ก็ตกหลุมรักคุณง่ายดายเหลือเกิน,ไพ่ Queen of Cups (ราชินีถือถ้วย) เป็นตัวแทนของความเมตตา ความเห็นอกเห็นใจ สัญชาตญาณที่เฉียบคม และความรักที่ไม่มีเงื่อนไข เธอสื่อถึงบุคคลที่มีความเข้าใจผู้อื่นอย่างลึกซึ้ง มีความอ่อนโยน มีความคิดสร้างสรรค์ และมักจะเป็นที่ปรึกษาด้านอารมณ์ที่ดีเยี่ยม เธอสะท้อนถึงการเชื่อมโยงกับอารมณ์ความรู้สึกภายในและโลกแห่งจิตวิญญาณ.,"[ความเมตตา,ความเห็นอกเห็นใจ",https://wtnqjxerhmdnqszkhbvs.supabase.co/storage/v1/object/public/cards/knight_of_cup.png
48,queen_of_cups,Queen of Cups,Minor Arcana,มีเซ้นส์ อ่อนโยน ชอบคิดมาก ละเอียดอ่อนทางความรู้สึก นุ่มนวล แม่บ้าน ใจดี,ถ้าเป็นแม่หมอมีมี่นะ ไพ่ใบนี้จะบอกว่า เธอคนนี้มีสัมผัสพิเศษเลยนะ มีเซ้นส์แรงมากกับเรื่องราวที่ละเอียดอ่อน ไม่ใช่แค่เรื่องของตัวเองนะ แต่กับคนรอบข้างด้วย เธอเป็นคนอ่อนโยนมาก นุ่มนวลเหมือนแม่บ้านที่คอยดูแลทุกคนในบ้านน่ะ ใจดีสุดๆ แต่ก็นะ... ด้วยความที่เธอละเอียดอ่อนทางความรู้สึกมากไปหน่อย เลยชอบคิดมาก ชอบเก็บเรื่องเล็กๆ น้อยๆ มาคิดวนไปวนมา ทำให้บางทีก็ดูเหมือนจะอยู่ในโลกส่วนตัวหน่อยๆ แต่อย่าห่วงเลยนะ ความนุ่มนวลและหัวใจที่เต็มไปด้วยความรักของเธอ จะเป็นพลังสำคัญในการดูแลตัวเองและคนรอบข้างเสมอเลยล่ะ,ไพ่ราชินีถ้วย (Queen of Cups) เป็นตัวแทนของความลึกซึ้งทางอารมณ์ สัญชาตญาณ และการเห็นอกเห็นใจอย่างลึกซึ้ง บุคคลที่เกี่ยวข้องกับไพ่ใบนี้มักจะเป็นผู้ที่เปี่ยมด้วยความเมตตา มีความสามารถในการปลอบโยนและให้คำแนะนำทางอารมณ์แก่ผู้อื่นได้ดีเยี่ยม เธอมีความไวต่อความรู้สึกของผู้อื่น และมักจะใช้ความเข้าใจจากภายในเพื่อนำทางชีวิต เธออาจเป็นศิลปิน นักบำบัด หรือผู้ที่ทำงานที่เกี่ยวข้องกับการดูแลเอาใจใส่และเชื่อมโยงกับจิตวิญญาณของผู้คน ไพ่ใบนี้ยังบ่งบอกถึงการรับฟังเสียงหัวใจและสัญชาตญาณของตนเอง และการแสดงออกถึงความรักและความเห็นอกเห็นใจอย่างแท้จริง,"[สัญชาตญาณ,ความอ่อนโยน",https://wtnqjxerhmdnqszkhbvs.supabase.co/storage/v1/object/public/cards/queen_of_cups.png
49,king_of_cups,King of Cups,Minor Arcana,ใจดีอบอุ่น ผู้ใหญ่ใจดี ฐานะสบายๆ ไม่ค่อยทุกข์ร้อน แต่ไม่ได้หนักแน่นมาก,ไพ่ใบนี้เปรียบเสมือนผู้หญิงใจดีอบอุ่น ท่านเป็นผู้ใหญ่ที่เปี่ยมด้วยเมตตาและความเอื้อเฟื้อเผื่อแผ่ มีฐานะความเป็นอยู่ที่สุขสบาย ไม่ต้องกังวลเรื่องเงินทองมากนัก ชีวิตไม่ค่อยมีเรื่องทุกข์ร้อนหนักๆ เข้ามาให้กังวลใจนัก มีความนุ่มนวลและอ่อนโยนสูง เป็นคนที่ไม่ค่อยแข็งกร้าว หรือหนักแน่นมากนัก แต่ก็มีอำนาจในการดูแลและปกป้องอย่างเงียบๆ เหมาะกับคนที่กำลังมองหาความมั่นคง ความอุดมสมบูรณ์ และการได้รับการดูแลเอาใจใส่เป็นพิเศษ อาจจะหมายถึงคุณแม่ ผู้ใหญ่ใจดี หรือสถานการณ์ที่ทุกอย่างกำลังเติบโตงอกงามอย่างงดงาม,"ไพ่จักรพรรดินี (The Empress) หมายถึง การสร้างสรรค์, ความอุดมสมบูรณ์, การเลี้ยงดู",,https://wtnqjxerhmdnqszkhbvs.supabase.co/storage/v1/object/public/cards/king_of_cups.png
50,ace_of_pentacles,Ace of Pentacles,Minor Arcana,โอกาส ตัวช่วย สนับสนุน โชคลาภ,ไพ่ The Sun คือสัญญาณแห่งความโชคดีและความสำเร็จที่ส่องประกายเจิดจ้าเข้ามาในชีวิตคุณ เหมือนแสงอาทิตย์ที่ให้ความอบอุ่นและชีวิตชีวา ช่วงเวลานี้เต็มไปด้วย โอกาส ทองที่คุณจะคว้าความสำเร็จและความสุขอย่างเต็มเปี่ยม จะมีพลังงานดีๆ เข้ามาเป็น ตัวช่วย ให้ทุกสิ่งที่คุณลงมือทำราบรื่นและประสบความสำเร็จดั่งใจหวัง ไม่ว่าจะเป็นเรื่องงาน ความสัมพันธ์ หรือสุขภาพ คุณจะได้รับการ สนับสนุน จากรอบข้าง ทั้งจากผู้คนและสถานการณ์ต่างๆ ที่เป็นใจ ไพ่ใบนี้เปรียบเสมือนของขวัญจากจักรวาลที่นำพา โชคลาภ และความเบิกบานใจมาให้คุณอย่างไม่ขาดสาย เป็นช่วงเวลาของการเฉลิมฉลอง ความชัดเจน และการได้ปลดปล่อยความเป็นตัวเองอย่างแท้จริง,ไพ่ The Sun แสดงถึงความสุข ความสำเร็จ การมองโลกในแง่ดี ความมีชีวิตชีวา และการรู้แจ้งเห็นจริง บ่งบอกถึงช่วงเวลาแห่งความชัดเจน ความสุข และความสำเร็จ มักจะชี้ไปที่ผลลัพธ์ที่เป็นบวก การเฉลิมฉลอง และความรู้สึกเป็นอิสระ ส่งเสริมให้ยอมรับความเป็นตัวเองที่แท้จริงและเปล่งประกายความมั่นใจออกมา,"[ความสุข,ความสำเร็จ",https://wtnqjxerhmdnqszkhbvs.supabase.co/storage/v1/object/public/cards/ace_of_pentacles.png
51,two_of_pentacles,Two of Pentacles,Minor Arcana,หมุนเวียน ไม่นิ่ง ยังไม่มั่นคง สับเปลี่ยน ภาระ ขึ้นๆลงๆ,โอ๊ยยย..ช่วงนี้ชีวิตมันหมุนติ้วเลยนะ! ไม่นิ่งเลยสักเรื่อง ยังไม่มีอะไรมั่นคงแน่นอนเลยนะ เหมือนเจอแต่เรื่องให้ต้องสับเปลี่ยน โยกย้ายตลอดเวลา บางทีก็รู้สึกเหมือนแบกภาระหนักอึ้งไว้เต็มบ่า เรื่องดีๆ ก็มาแป๊บเดียวเดี๋ยวก็มีเรื่องให้ต้องเหนื่อยใจอีกแล้ว ชีวิตมันวนเวียนขึ้นๆ ลงๆ อย่างงี้แหละ เหมือนโชคชะตากำลังเล่นตลก ต้องทำใจรับมือกับความไม่แน่นอนไปก่อนนะ!,ไพ่ล้อแห่งโชคชะตา (The Wheel of Fortune) เป็นไพ่ที่สื่อถึงวงจรชีวิต การเปลี่ยนแปลง โชคชะตา และจุดพลิกผัน มันเป็นสัญลักษณ์ของการหมุนเวียนของโชคลาภ ทั้งขึ้นและลง แสดงให้เห็นว่าชีวิตเป็นวัฏจักรที่มีทั้งช่วงเวลาที่ดีและไม่ดี ไพ่ใบนี้มักปรากฏขึ้นเมื่อถึงเวลาที่ต้องมีการเปลี่ยนแปลงครั้งสำคัญ ซึ่งอาจอยู่นอกเหนือการควบคุมของเรา หรือเป็นผลมาจากกรรมที่เราเคยสร้างมา มันเตือนให้เรายอมรับและปรับตัวเข้ากับการเปลี่ยนแปลงที่กำลังจะเกิดขึ้น และเข้าใจว่าทุกสิ่งเป็นไปตามวัฏจักรของชีวิต,"[การเปลี่ยนแปลง,โชคชะตา",https://wtnqjxerhmdnqszkhbvs.supabase.co/storage/v1/object/public/cards/two_of_pentacles.png
52,three_of_pentacles,Three of Pentacles,Minor Arcana,ลูกค้าประจำ พูดคุยแลกเปลี่ยน ต่อรอง งานฝีมือ,แม่หมอมีมี่บอกว่า... ไพ่สามเหรียญนี่นะ เหมือนกับเวลาที่เรามีลูกค้าประจำที่เขาไว้ใจฝีมือเรามากๆ เลยแหละ! มันเป็นการพูดคุยแลกเปลี่ยนไอเดียกันนะ ทั้งจากเราและลูกค้า หรืออาจจะเป็นการร่วมงานกับทีมช่างฝีมือด้วยกัน เพื่อให้งานออกมาดีที่สุด บางทีก็มีการต่อรองเรื่องราคานิดหน่อย หรือปรับรายละเอียดงานให้ตรงใจ แต่สุดท้ายแล้ว ทุกคนก็แฮปปี้กับงานฝีมือที่เราตั้งใจทำออกมาอย่างดีเยี่ยมเลยล่ะ,ไพ่สามเหรียญ (Three of Pentacles) แสดงถึงการทำงานร่วมกัน การเรียนรู้ การพัฒนาทักษะ และการได้รับการยอมรับในผลงานที่ทำอย่างพิถีพิถัน เป็นไพ่ที่บ่งบอกถึงการสร้างรากฐานที่แข็งแกร่ง การวางแผน และความสำเร็จที่มาจากความร่วมมือและการฝึกฝน ทักษะเฉพาะทางจะได้รับการชื่นชมและนำไปสู่ความก้าวหน้า,"[การทำงานร่วมกัน,ทักษะฝีมือ",https://wtnqjxerhmdnqszkhbvs.supabase.co/storage/v1/object/public/cards/three_of_pentacles.png
53,four_of_pentacles,Four of Pentacles,Minor Arcana,เก็บ ไม่เปิดเผย ไม่เปิดใจ งก หวง อวบๆ นิ่งๆ,อืมมม... ไพ่ใบนี้มันสื่อถึงคนที่ไม่ค่อยชอบเปิดเผยตัวเองเลยนะ ชอบเก็บ ชอบงก ไม่ยอมแบ่งปันอะไรเลย ทั้งของ เงิน หรือแม้แต่ใจตัวเองก็ปิดสนิท หวงทุกอย่างที่เป็นของตัวเอง หวงจนบางทีก็ดูตึงๆ นิ่งๆ ไม่ค่อยเคลื่อนไหว ไม่ค่อยยอมขยับไปไหน ดูเป็นคนอวบๆ ที่นั่งอยู่กับที่ ไม่อยากเสียอะไรไปสักนิดเลยล่ะ,"ไพ่สี่เหรียญ (Four of Pentacles) หมายถึงความมั่นคง, ความปลอดภัย, การครอบครอง",,https://wtnqjxerhmdnqszkhbvs.supabase.co/storage/v1/object/public/cards/four_of_pentacles.png
54,five_of_pentacles,Five of Pentacles,Minor Arcana,เก็บเงิน เหนื่อย ภูมิแพ้ ขาดแคลน ลำบาก ขอความช่วยเหลือ ได้ไม่คุ้มเหนื่อย,โอ๊ยยย.. ชีวิตช่วงนี้มันช่างเหนื่อยล้าไปซะทุกอย่างเลยนะ เหมือนต้องประหยัดอดออม เก็บเงินทุกบาททุกสตางค์แบบสุดๆ แต่ก็ยังรู้สึกขาดแคลนไปหมด ทั้งเงินทองและกำลังใจ แถมสุขภาพก็ดูไม่ค่อยเป็นใจ เหมือนมีอาการภูมิแพ้หรือเจ็บป่วยเล็กๆ น้อยๆ คอยรบกวนอยู่ตลอดเวลา ทำให้ชีวิตมันลำบากไปอีกเท่าตัว บางทีก็อยากจะเอ่ยปากขอความช่วยเหลือจากใครสักคนใจจะขาด แต่ก็ไม่รู้จะขอได้ไหม หรือทำไปแล้วจะได้อะไรกลับมาบ้างรึเปล่า รู้สึกเหมือนทำไปก็ไม่คุ้มกับความเหนื่อยเลยจริง ๆ นะช่วงนี้,ไพ่ห้าเหรียญ (Five of Pentacles) โดยทั่วไปสื่อถึงช่วงเวลาแห่งความยากลำบากทางการเงิน การขาดแคลนทรัพยากร ความเจ็บป่วย หรือการรู้สึกถูกทอดทิ้งและโดดเดี่ยว อาจหมายถึงการต้องเผชิญกับความไม่มั่นคง การตกงาน หรือความยากจน รวมถึงการไม่เห็นโอกาสหรือความช่วยเหลือที่อยู่ใกล้ตัวเพราะจมอยู่กับความทุกข์,"[ความยากลำบาก,ความขาดแคลน",https://wtnqjxerhmdnqszkhbvs.supabase.co/storage/v1/object/public/cards/five_of_pentacles.png
55,six_of_pentacles,Six of Pentacles,Minor Arcana,ใจดี สนับสนุน ได้รับ ให้ ร้องขอ พอได้กำไร แต่ได้มาแล้วจ่ายต่อ,ไพ่ใบนี้บอกว่าช่วงนี้คุณจะรู้สึกอยากเป็นคน ใจดี และ สนับสนุน คนรอบข้างเป็นพิเศษเลยนะ หรือไม่คุณเองก็จะ ได้รับ ความช่วยเหลือดีๆ จากคนอื่นที่เข้ามามอบให้ด้วยความเมตตา ไม่ว่าจะเป็นการแบ่งปันน้ำใจ หรือแบ่งปันสิ่งของ อาจมีคนมา ร้องขอ ความช่วยเหลือจากคุณบ้าง และคุณก็จะช่วยเหลืออย่างเต็มใจ หรือบางทีคุณอาจเป็นฝ่ายที่ต้องเอ่ยปากขอเอง แต่ก็จะได้รับกลับมาอย่างแน่นอน ถือว่า พอได้กำไร หรือพอมีเหลือพอใช้จ่าย แต่จำไว้นะว่าพอ ได้มาแล้วก็จ่ายต่อ หมุนเวียนไป ทั้งค่าใช้จ่ายส่วนตัว หรือการส่งต่อความช่วยเหลือนี้ไปให้คนอื่นต่อ เพื่อให้เกิดการหมุนเวียนที่ดีนะจ๊ะ,ไพ่ Six of Pentacles สื่อถึงความสมดุลของการให้และการรับ ความเมตตา ความเอื้อเฟื้อเผื่อแผ่ การกุศล และการช่วยเหลือซึ่งกันและกันในด้านการเงิน อาจหมายถึงการได้รับการสนับสนุนทางการเงิน การให้ความช่วยเหลือแก่ผู้อื่น หรือการแก้ปัญหาหนี้สิน ไพ่ใบนี้เน้นย้ำถึงความยุติธรรมและการแบ่งปันทรัพยากรอย่างเหมาะสม,"[การให้,การรับ",https://wtnqjxerhmdnqszkhbvs.supabase.co/storage/v1/object/public/cards/six_of_pentacles.png
56,seven_of_pentacles,Seven of Pentacles,Minor Arcana,รอคอย เบื่อ คาดหวังผลประโยชน์ พอได้กำไร รอเวลา,โอ๊ย...รอแล้วรอเล่า นี่มันเมื่อไหร่จะได้เห็นผลซะทีนะ? ลงทุนลงแรงไปก็เยอะ อดทนมานานจนเริ่มจะเบื่อหน่ายแล้วเนี่ยะ แต่ก็ยังหวังลึกๆ ว่ามันจะต้องได้ผลตอบแทนคุ้มค่าสิ! พอจะเห็นกำไรแว็บๆ แล้วนะ เหลือแค่ต้องอดทนรอเวลาอีกนิดเดียวเท่านั้นแหละ! แค่อดทนรอไปอีกหน่อยเดี๋ยวก็ได้กำไรเป็นกอบเป็นกำแล้ว.,ไพ่เจ็ดเหรียญแสดงถึงความอดทน การลงทุนลงแรง การประเมินผลงานหรือความก้าวหน้า และการรอคอยผลลัพธ์จากการกระทำที่ได้ลงมือไปแล้ว มันเป็นไพ่ที่เกี่ยวกับการหว่านเมล็ดพืชและรอคอยการเก็บเกี่ยว โดยอาจมีทั้งความหวังและความกังวลเล็กน้อยเกี่ยวกับผลผลิตที่คาดว่าจะได้รับ ไพ่ใบนี้กระตุ้นให้คุณประเมินสถานการณ์ว่าสิ่งที่ทำไปนั้นคุ้มค่าหรือไม่ และต้องใช้ความพยายามต่อเนื่องไปอีกเพียงใดจึงจะประสบความสำเร็จตามที่หวังไว้.,"[รอคอย,อดทน",https://wtnqjxerhmdnqszkhbvs.supabase.co/storage/v1/object/public/cards/seven_of_pentacles.png
57,eight_of_pentacles,Eight of Pentacles,Minor Arcana,งานประจำ รายได้ดี มีความต่อเนื่อง สม่ำเสมอ ปวดเอว ปวดหลัง มีความชำนาญ กำไร มีเงิน งานมาเรื่อยๆ,ช่วงนี้เป็นช่วงที่คุณต้องทุ่มเทให้กับงานอย่างเต็มที่เลยนะจ๊ะแม่! ไพ่ใบนี้บอกว่าคุณจะมีงานประจำที่มั่นคง รายได้ดี มีความต่อเนื่องและสม่ำเสมอ เงินทองเข้ามาไม่ขาดมือเลยแหละ แต่ความขยันและตั้งใจทำงานอย่างพิถีพิถันนี่แหละ อาจจะทำให้คุณมีอาการปวดเมื่อยเนื้อตัว โดยเฉพาะปวดเอว ปวดหลังนะจ๊ะ เพราะคุณกำลังใช้ความสามารถและความชำนาญเฉพาะตัวในการสร้างสรรค์ผลงานอย่างเต็มที่ ความมุ่งมั่นนี้จะนำมาซึ่งกำไรและเงินทองจำนวนมาก งานจะมาเรื่อยๆ ไม่มีหยุดพักเลยล่ะ เตรียมรับมือกับความเหนื่อยแต่รวยได้เลยจ้ะ,ไพ่ 8 เหรียญ (Eight of Pentacles) โดยทั่วไปสื่อถึงการทำงานหนักอย่างขยันขันแข็ง ความมุ่งมั่นตั้งใจในการพัฒนาฝีมือให้เกิดความชำนาญ ความอุตสาหะในการเรียนรู้สิ่งใหม่ๆ และการทุ่มเทให้กับงานหรืออาชีพของตนเองอย่างจริงจัง มักบ่งบอกถึงผลลัพธ์ที่เป็นรูปธรรมจากการทำงานหนักนั้นๆ เช่น รายได้ที่มั่นคง ความก้าวหน้าในสายอาชีพ หรือการสร้างรากฐานที่แข็งแกร่งในเรื่องการเงินและทรัพย์สิน,"[งานประจำ,รายได้ดี",https://wtnqjxerhmdnqszkhbvs.supabase.co/storage/v1/object/public/cards/eight_of_pentacles.png
58,nine_of_pentacles,Nine of Pentacles,Minor Arcana,สวย หล่อ ดูดี ภาพลักษณ์ดี sexy ฉลาด ชิลล์ เก่ง สุขสบาย ผ่อนคลายอารมณ์,ไพ่พระอาทิตย์บ่งบอกถึงความสุขความสำเร็จที่เจิดจ้าสดใสสุดๆ เหมือนคุณเป็นดาวเด่นที่เปล่งประกายเจิดจ้าในทุกที่! คุณสวย หล่อ ดูดีมีออร่า ภาพลักษณ์ดีไปหมด ยิ่งกว่าซุปเปอร์สตาร์! ไม่ใช่แค่หน้าตาดีนะ แต่ยังฉลาดเฉลียว มีไหวพริบปฏิภาณ เป็นคนเก่งรอบด้านที่ทำอะไรก็ประสบความสำเร็จ effortlessly ดูชิลล์ๆ สบายๆ ไม่ต้องพยายามอะไรมากมายชีวิตก็ลงตัว มีความสุข ผ่อนคลายอารมณ์สุดๆ ทุกอย่างอยู่ในช่วงขาขึ้น หมดกังวล มีแต่ความสดใสและความเบิกบานใจ!,ไพ่พระอาทิตย์เป็นสัญลักษณ์ของความสุข ความสำเร็จ ความมีชีวิตชีวา การมองโลกในแง่ดี และการตรัสรู้ สื่อถึงช่วงเวลาแห่งความชัดเจน ความเบิกบาน และความสำเร็จหลังจากผ่านพ้นอุปสรรค มันมักจะบ่งบอกถึงความอบอุ่น ความกระตือรือร้น และทัศนคติเชิงบวกต่อชีวิต นำมาซึ่งความสุขและอิสรภาพอย่างมาก เป็นเรื่องเกี่ยวกับการแสดงออกถึงตัวตน ความมั่นใจ และการเปล่งประกายอย่างเต็มที่ สิ่งต่างๆ ชัดเจนและปัญหาได้รับการแก้ไขแล้ว,"[ความสุข,ความสำเร็จ",https://wtnqjxerhmdnqszkhbvs.supabase.co/storage/v1/object/public/cards/nine_of_pentacles.png
59,ten_of_pentacles,Ten of Pentacles,Minor Arcana,ความมั่นคง มั่งคั่ง สมบูรณ์พร้อม รวมกลุ่ม พูดคุย เหงาๆ อยู่กับสัตว์เลี้ยง,รู้สึกถึงความมั่นคง มั่งคั่ง และสมบูรณ์พร้อมแบบสุดๆ เหมือนมีทุกอย่างที่ต้องการ ทั้งเงินทอง ครอบครัวที่อบอุ่น และมรดกตกทอดที่ทำให้เราได้ใช้ชีวิตอย่างสุขสบาย ไพ่ใบนี้เหมือนเป็นสัญญาณบอกว่าเรากำลังอยู่ในช่วงเวลาที่ชีวิตลงตัว ทุกคนในครอบครัวมารวมกลุ่ม พูดคุยแบ่งปันความสุขกันอย่างออกรส และแน่นอนว่ามีน้องหมาน้องแมววิ่งเล่นอยู่ใกล้ๆ เป็นเพื่อนคู่ใจ แม้จะมีช่วงที่รู้สึกเหงาๆ อยู่บ้างในบางที แต่ความรักและความอบอุ่นจากคนรอบข้างและสัตว์เลี้ยงก็ช่วยเติมเต็มความสุขให้เสมอ,"ไพ่สิบเหรียญเป็นตัวแทนของความสมบูรณ์พูนสุข, ความมั่นคงทางการเงิน, มรดก",,https://wtnqjxerhmdnqszkhbvs.supabase.co/storage/v1/object/public/cards/ten_of_pentacles.png
60,page_of_pentacles,Page of Pentacles,Minor Arcana,คิดมาก คิดเยอะ ละเอียด เปรียบเทียบ คำนวณ มีเหตุผล เด็กที่พ่อแม่เลี้ยงมาดี มีการศึกษา ตั้งใจ คิดดี,ไพ่ใบนี้บ่งบอกถึงคนที่จมดิ่งในห้วงความคิดอย่างละเอียดและรอบคอบค่ะ เป็นคนประเภทที่คิดมาก คิดเยอะ ชั่งน้ำหนักทุกอย่างอย่างถี่ถ้วน เปรียบเทียบข้อมูล คำนวณความเป็นไปได้ทั้งหมดก่อนจะตัดสินใจอะไรลงไป เป็นคนมีเหตุผลนำทางชีวิตเสมอ เหมือนเด็กที่ได้รับการเลี้ยงดูมาดี มีการศึกษาดี๊ดี ตั้งใจทำทุกสิ่งอย่างประณีตและคิดถึงผลลัพธ์ในแง่ดีเสมอ ไม่ทำอะไรผลีผลาม แต่จะใช้เวลาใคร่ครวญอย่างลึกซึ้งเพื่อแสวงหาปัญญาที่แท้จริงค่ะ,ไพ่ฤาษี (The Hermit) หมายถึงการแสวงหาความรู้และความจริงผ่านการไตร่ตรองอย่างลึกซึ้ง การถอนตัวจากโลกภายนอกเพื่อค้นหาปัญญาภายใน และการนำทางตนเองหรือผู้อื่นด้วยความรอบคอบและประสบการณ์ แสดงถึงช่วงเวลาของการค้นพบตนเอง ความสันโดษอย่างมีเป้าหมาย และการใช้ชีวิตอย่างมีวิจารณญาณ,"[สันโดษ,การไตร่ตรอง",https://wtnqjxerhmdnqszkhbvs.supabase.co/storage/v1/object/public/cards/page_of_pentacles.png
61,knight_of_pentacles,Knight of Pentacles,Minor Arcana,นิ่ง พิจารณา คิดเยอะ หนักแน่น ใจเย็น มองก่อน คิดก่อนทำ พูดน้อย,ไพ่ใบนี้สะท้อนถึงช่วงเวลาที่คุณต้องการความสงบ นิ่งเงียบ เพื่อพิจารณาสิ่งต่างๆ อย่างถี่ถ้วน คุณเป็นคนคิดเยอะ รอบคอบ หนักแน่นในหลักการและตัดสินใจได้อย่างมั่นคง ด้วยความใจเย็น คุณจะมองเห็นภาพรวมและรายละเอียดก่อนที่จะลงมือทำสิ่งใดเสมอ การพูดน้อยแต่เต็มไปด้วยความหมายเป็นการแสดงออกถึงสติปัญญาที่คุณสั่งสมมา การใช้เวลาอยู่กับตัวเองเพื่อทบทวนและค้นหาคำตอบภายในคือสิ่งสำคัญที่สุดในตอนนี้ เพราะมันจะนำพาคุณไปสู่ความกระจ่างและแนวทางที่ถูกต้องแท้จริง,The Hermit (นักพรต) หมายถึงการแสวงหาความจริง การไตร่ตรองอย่างลึกซึ้ง การค้นหาคำตอบภายใน การหลีกหนีจากสิ่งรบกวนภายนอกเพื่อการค้นพบตนเอง สติปัญญาที่มาจากการเก็บตัวและพิจารณาอย่างรอบคอบ ความต้องการเวลาอยู่กับตัวเองเพื่อทำความเข้าใจสถานการณ์หรือเส้นทางชีวิต การเป็นที่ปรึกษาหรือผู้นำทางที่เปี่ยมด้วยปัญญาและความสุขุม,"[การไตร่ตรอง,สติปัญญา",https://wtnqjxerhmdnqszkhbvs.supabase.co/storage/v1/object/public/cards/knight_of_pentacles.png
62,queen_of_pentacles,Queen of Pentacles,Minor Arcana,เก่งงาน คิดมาก ชอบวัตถุ แพง แบรนด์เนม หรูหรา คุ้มค่า สวยแพง ดูแลตัวเองดี ฉลาด หมกมุ่น จดจ่อ ตั้งใจ,เธอคนนี้เป็นคนเก่งงานที่แท้ทรู ทำอะไรก็เป๊ะปัง สมองไวและฉลาดเป็นกรด แต่บางทีก็คิดมากไปหน่อย เรื่องความหรูหราสะดวกสบายคือชีวิตจิตใจ ชอบของแพง แบรนด์เนม จัดเต็มเสมอ และแน่นอนว่าทุกอย่างต้องคุ้มค่ากับเงินที่จ่ายไป เธอดูแลตัวเองดีสุดๆ สวยแพงตั้งแต่หัวจรดเท้า เรียกว่าเป๊ะทุกกระเบียดนิ้ว เพราะเธอหมกมุ่นและจดจ่อกับการสร้างสรรค์ความสมบูรณ์แบบให้กับตัวเองอย่างตั้งใจ,ไพ่ 9 เหรียญ (Nine of Pentacles) เป็นไพ่ที่สื่อถึงความสำเร็จส่วนบุคคล ความเป็นอิสระ การพึ่งพาตนเอง และความมั่นคงทางการเงินอย่างแท้จริง สะท้อนถึงการเก็บเกี่ยวผลจากการทำงานหนักและความพยายามอย่างมีวินัย แสดงถึงการใช้ชีวิตอย่างหรูหรา มีรสนิยม มีความสุขกับความงามและความสะดวกสบายที่สร้างขึ้นมาด้วยตนเอง ไพ่ใบนี้ยังบ่งบอกถึงการดูแลตัวเองเป็นอย่างดี ความสงบภายใน และความพึงพอใจในสิ่งที่ตนมีและสร้างสรรค์ขึ้นมาได้ มักเป็นสัญลักษณ์ของคนที่ประสบความสำเร็จด้วยความสามารถของตนเองและสามารถใช้ชีวิตในแบบที่ตนต้องการได้อย่างอิสระ,"[อิสรภาพ,ความสำเร็จ",https://wtnqjxerhmdnqszkhbvs.supabase.co/storage/v1/object/public/cards/queen_of_pentacles.png
63,king_of_pentacles,King of Pentacles,Minor Arcana,หนักแน่น ชอบสัมผัส มั่นคง รวย เปย์ มีเหตุผล ไม่ค่อยแสดงอารมณ์ พูดน้อย,ไพ่ใบนี้สะท้อนถึงบุรุษผู้ทรงพลังและหนักแน่นดุจภูผา เป็นผู้ที่ยืนหยัดอย่างมั่นคง มีรากฐานชีวิตที่แข็งแกร่ง มักประสบความสำเร็จและมีฐานะร่ำรวยเป็นที่ประจักษ์ ไม่ว่าจะเป็นการงานหรือทรัพย์สิน เขาเป็นคนชอบจับต้องสิ่งที่เป็นรูปธรรม และพร้อมที่จะทุ่มเทหรือ 'เปย์' เพื่อสร้างความมั่นคงหรือเพื่อคนที่เขารักด้วยความรับผิดชอบสูง การตัดสินใจของเขามีพื้นฐานจากเหตุผลและตรรกะเป็นหลัก มักไม่แสดงอารมณ์อ่อนไหวออกมาให้เห็นมากนัก และเป็นคนพูดน้อย แต่ทุกคำพูดล้วนเต็มไปด้วยอำนาจและความหมาย,"ไพ่ The Emperor เป็นสัญลักษณ์ของอำนาจ, โครงสร้าง, การควบคุม",,https://wtnqjxerhmdnqszkhbvs.supabase.co/storage/v1/object/public/cards/king_of_pentacles.png
64,ace_of_swords,Ace of Swords,Minor Arcana,ปัญหา มีอุปสรรค แต่มีโอกาสสำเร็จ ไม่ได้มาโดยง่าย การสื่อสาร ออนไลน์ สัญญาณinternet,ช่วงนี้เรื่องการติดต่อสื่อสารจะมาพร้อมความท้าทายนะ! ไม่ว่าจะเป็นการคุยงานออนไลน์ หรือส่งข้อความสำคัญๆ อาจเจอปัญหาจุกจิก สัญญาณอินเทอร์เน็ตไม่ค่อยเป็นใจ หรือข้อมูลไปถึงช้ากว่าที่คิด แต่อย่าเพิ่งถอดใจนะ โอกาสที่จะสำเร็จมีสูง เพียงแต่มันไม่ได้มาง่ายๆ อาจจะต้องใช้ความพยายามแก้ปัญหาเฉพาะหน้า หรืออดทนกับความล่าช้าหน่อย เหมือนต้องรอโหลดหน้าเว็บที่หมุนติ้วๆ นั่นแหละจ้ะ,"การเคลื่อนที่อย่างรวดเร็ว, การสื่อสารที่ฉับไว, การส่งข่าวสารและข้อความ",,https://wtnqjxerhmdnqszkhbvs.supabase.co/storage/v1/object/public/cards/ace_of_swords.png
65,two_of_swords,Two of Swords,Minor Arcana,ไม่มั่นใจ ตัดสินใจไม่ได้ ปวดตา ปวดศรีษะ การสื่อสาร ออนไลน์ ไม่เห็น internet สัญญาณ,ไพ่ใบนี้มันบ่งบอกว่าช่วงนี้เรากำลังอยู่ในช่วงที่สับสนขั้นสุดๆ เลยนะ ไม่มั่นใจอะไรเลยจริงๆ ตัดสินใจเรื่องอะไรก็ไม่ได้สักที เหมือนมีอะไรมาบังตาทำให้มองไม่เห็นทางออกที่ชัดเจน ปวดหัว ปวดตาไปหมดเลย คิดเท่าไหร่ก็คิดไม่ออก แถมเรื่องการสื่อสารก็มีปัญหาบ่อยๆ โดยเฉพาะพวกเรื่องออนไลน์ อินเทอร์เน็ตก็ชอบหลุด สัญญาณก็ไม่ค่อยมี เหมือนโดนตัดขาดจากโลกภายนอกไปเลยจริงๆ นี่แหละความรู้สึกมันเป็นแบบนี้เลย เป๊ะๆ!,ไพ่ Two of Swords (ไพ่ 2 ดาบ) มักแสดงถึงสถานการณ์ของการตัดสินใจที่ยากลำบาก ความไม่แน่นอน การติดอยู่ในทางตัน หรือการเผชิญหน้ากับสองทางเลือกที่ขัดแย้งกันอย่างสิ้นเชิง ผู้ที่ได้รับไพ่ใบนี้มักจะอยู่ในสภาวะที่ต้องรักษาสมดุลระหว่างสองสิ่ง หรือหลีกเลี่ยงการเผชิญหน้ากับความจริง บางครั้งหมายถึงการปิดกั้นอารมณ์หรือการปฏิเสธที่จะมองเห็นปัญหาอย่างตรงไปตรงมา การหยุดนิ่ง การสงบศึกชั่วคราว หรือการที่ยังไม่พร้อมที่จะเลือกเส้นทางเดินต่อไป,"[ความไม่แน่ใจ,การตัดสินใจลำบาก",https://wtnqjxerhmdnqszkhbvs.supabase.co/storage/v1/object/public/cards/two_of_swords.png
66,three_of_swords,Three of Swords,Minor Arcana,ผิดหวัง เสียใจ พูดแทงใจ ผิดพลาด โรคหัวใจ พลาด ฝนตก,หัวใจแตกสลายเพราะความผิดหวังครั้งยิ่งใหญ่ทุกอย่างพังทลายลงมาต่อหน้าต่อตาอย่างไม่ทันตั้งตัว สิ่งที่เคยคิดว่ามั่นคงกลับทรุดลงเหมือนตึกที่ถูกฟ้าผ่า ความจริงอันเจ็บปวดกระแทกเข้ากลางใจจนเจ็บจี๊ด พูดอะไรก็แทงใจดำไปหมด เหมือนฝนที่ตกหนักไม่หยุดหย่อน สาดซัดเข้ามาในชีวิต ความผิดพลาดครั้งนี้มันใหญ่หลวงนัก รู้สึกเหมือนมีโรคหัวใจกำเริบเพราะความเจ็บปวดจากการสูญเสียที่ไม่อาจแก้ไขได้ พลาดไปแล้ว พังไปแล้วจริงๆ,"การล่มสลาย, การเปลี่ยนแปลงอย่างกะทันหันและรุนแรง, การถูกทำลาย",,https://wtnqjxerhmdnqszkhbvs.supabase.co/storage/v1/object/public/cards/three_of_swords.png
67,four_of_swords,Four of Swords,Minor Arcana,หยุดนิ่ง นอน พัก เฉย เงียบ พักฟื้น,ถึงเวลาแล้วที่ต้องหยุดทุกสิ่งลงชั่วคราว ปล่อยวางทุกอย่างให้มันนิ่งสนิท นอนหลับพักผ่อนให้เต็มที่ ให้ร่างกายและจิตใจได้พักฟื้นอย่างแท้จริง ปล่อยให้ความเงียบและความสงบโอบล้อมตัวคุณ เพื่อฟื้นฟูพลังและเตรียมพร้อมสำหรับก้าวต่อไปโดยไม่ต้องเร่งรีบ,ไพ่สี่ดาบ (Four of Swords) มักหมายถึงช่วงเวลาแห่งการหยุดพัก การฟื้นตัว การไตร่ตรอง หรือการปลีกวิเวกจากสถานการณ์ต่างๆ เป็นสัญญาณให้ถอยห่างจากความวุ่นวายเพื่อพักฟื้นร่างกายและจิตใจ อาจหมายถึงการพักฟื้นจากการเจ็บป่วย ความขัดแย้ง หรือความเครียด และใช้เวลาในการใคร่ครวญเพื่อเตรียมพร้อมสำหรับก้าวต่อไป,"[พักผ่อน,หยุดนิ่ง",https://wtnqjxerhmdnqszkhbvs.supabase.co/storage/v1/object/public/cards/four_of_swords.png
68,five_of_swords,Five of Swords,Minor Arcana,เอาชนะ ทะเลาะ ขัดแย้ง มีปัญหา ระบบมีปัญหา การจัดการวุ่นวาย,โอ๊ยยย... แม่หมอมีมี่มองเห็นแล้วว่าช่วงนี้ชีวิตเธอมีแต่เรื่องปวดหัว! เหมือนโดนดาบปักมาเต็มหลังเลย! มีแต่เรื่องต้องเข้าปะทะ ต้องทะเลาะ ต้องขัดแย้งไปซะทุกอย่าง ไม่ว่าจะเป็นกับคนรอบข้าง หรือกับระบบการทำงานอะไรบางอย่างที่มันมีปัญหาไปหมด! ทุกอย่างดูวุ่นวาย การจัดการก็แย่ไปหมด! ระวังนะ ถ้าคิดจะเอาชนะช่วงนี้ อาจจะต้องชนะแบบไม่เหลือใคร หรือได้ชัยชนะมาแบบกร่อยๆ ก็ได้นะ เพราะฉะนั้น ถอยได้ก็ถอยเถอะ อย่าไปจมกับปัญหาพวกนี้ให้มันบั่นทอนใจเลยนะ!,ไพ่ห้าดาบ (Five of Swords) แสดงถึงความขัดแย้ง การทะเลาะเบาะแว้ง และความพ่ายแพ้ มักเป็นสถานการณ์ที่ฝ่ายหนึ่งได้ชัยชนะมาโดยต้องแลกด้วยการสูญเสียความสัมพันธ์ ความน่าเชื่อถือ หรือมิตรภาพ หรือเป็นชัยชนะที่ว่างเปล่า (Pyrrhic victory) ที่มีราคาแพงเกินไป ไพ่ใบนี้ยังบ่งบอกถึงการหักหลัง การทำลายความไว้วางใจ หรือความรู้สึกโดดเดี่ยวหลังความขัดแย้ง อาจหมายถึงการที่คุณจำเป็นต้องยอมถอยออกมาจากสถานการณ์ที่ไม่เป็นผลดี หรือประเมินค่าใช้จ่ายที่แท้จริงของการต่อสู้ครั้งนั้น,"[ความขัดแย้ง,การทะเลาะวิวาท",https://wtnqjxerhmdnqszkhbvs.supabase.co/storage/v1/object/public/cards/five_of_swords.png
69,six_of_swords,Six of Swords,Minor Arcana,เดินทาง ล่าช้า มีอุปสรรค ภาระ การดูแลครอบครัว ใช้เวลานาน,โอ๊ยยย..ช่วงนี้ดูเหมือนจะตั้งใจเดินทางไปข้างหน้า แต่ทำไมมันติดขัด ล่าช้าไปหมดเลยนะ! มันไม่ใช่แค่มีอุปสรรคภายนอกนะ แต่เหมือนข้างในเราก็ยังงงๆ ไม่รู้จะไปทางไหนดี การควบคุมชีวิตมันหลุดมือไปหมดเลย เหมือนมีภาระหนักอึ้ง ทั้งเรื่องงาน เรื่องส่วนตัว หรือแม้กระทั่งการดูแลครอบครัว ที่มาเหนี่ยวรั้งให้ทุกอย่างมันต้องใช้เวลานานกว่าที่คิดไว้เยอะเลยนะ,ไพ่ The Chariot เมื่อกลับหัว หมายถึง การขาดการควบคุม การขาดทิศทางที่ชัดเจน การเดินทางหรือแผนการที่หยุดชะงัก มีอุปสรรคขัดขวางความก้าวหน้า ความไม่สมดุลภายใน หรือความขัดแย้งที่ทำให้ไม่สามารถเดินหน้าต่อได้ อาจรู้สึกท่วมท้นด้วยภาระหน้าที่ หรือพึ่งพาผู้อื่นมากเกินไปจนเสียความเป็นตัวเอง,"[ล่าช้า,อุปสรรค",https://wtnqjxerhmdnqszkhbvs.supabase.co/storage/v1/object/public/cards/six_of_swords.png
70,seven_of_swords,Seven of Swords,Minor Arcana,รู้มาก เอาตัวรอด ขี้ลืม แอบ มีอะไรปิดบัง ลักลอบ ซ่อนเร้น,คนนี้น่ะเหรอ? โห...บอกเลยว่า 'รู้มาก' เป็นที่สุด! ฉลาดแกมโกง ไม่ธรรมดา มีหัวคิดแต่ชอบใช้ในทางที่ 'แอบ' ๆ หน่อย เก่งเรื่อง 'เอาตัวรอด' เป็นที่หนึ่ง ไม่ว่าจะสถานการณ์ไหนก็พลิกแพลงได้หมด แต่ระวังนะ 'ขี้ลืม' เรื่องที่ตัวเองไม่ควรทำ หรือลืมสิ่งสำคัญไปซะดื้อๆ ทำอะไร 'ลักลอบ' แอบทำ มี 'อะไรปิดบัง' เยอะแยะเต็มไปหมด เป็นคนเก็บความลับเก่ง หรือไม่ก็มีเรื่องราวที่ 'ซ่อนเร้น' ไว้เยอะแยะจนคุณคาดไม่ถึงเลยล่ะ!,ไพ่ Seven of Swords มักจะเกี่ยวข้องกับการหลอกลวง การทรยศ การขโมย หรือการหลบหนีจากความรับผิดชอบ มันบ่งบอกถึงการใช้กลอุบาย ความฉลาดแกมโกง หรือการกระทำที่ลับๆ ล่อๆ เพื่อให้ได้มาซึ่งสิ่งที่ต้องการ หรือเพื่อหลีกเลี่ยงผลลัพธ์ที่ไม่พึงประสงค์ ในบางครั้งอาจหมายถึงการพยายามจัดการสถานการณ์อย่างชาญฉลาดโดยไม่ต้องเผชิญหน้ากับความจริงทั้งหมด หรือการเก็บความลับ อาจแสดงถึงความจำเป็นในการใช้ความคิดสร้างสรรค์และไหวพริบเพื่อเอาชนะอุปสรรค แต่ก็เตือนถึงผลเสียที่อาจตามมาจากการกระทำที่ไม่ซื่อสัตย์,"[การหลอกลวง,การทรยศ",https://wtnqjxerhmdnqszkhbvs.supabase.co/storage/v1/object/public/cards/seven_of_swords.png
71,eight_of_swords,Eight of Swords,Minor Arcana,อึดอัด ปวดท้อง ปัญหามดลูก หาทางออกไม่ได้ เครียด ยังไม่หลุดพ้น ยังไม่ได้ ไม่ผ่าน มองไม่เห็น กังวลใจ,ไพ่ 9 ดาบจ๋าาาา… ใบนี้มันคือความอึดอัดแบบสุดๆ เลยนะ เหมือนมีอะไรมากดทับจนปวดท้อง ปวดไปถึงมดลูกเลยแหละ เป็นช่วงที่หาทางออกไม่เจอจริงๆ นะ เครียดจัดจนทำอะไรไม่ถูก เหมือนยังไม่หลุดพ้นจากวงจรเดิมๆ สิ่งที่หวังก็ยังไม่ได้ ที่ทำไปก็ยังไม่ผ่าน มองไปทางไหนก็มืดแปดด้าน กังวลใจไปหมดทุกเรื่อง แบบนี้แหละ ที่เรียกว่าหนักอึ้งในใจ!,ไพ่ Nine of Swords (9 ดาบ) โดยทั่วไปสื่อถึงความวิตกกังวล ความเครียด ความสิ้นหวัง และการจมดิ่งกับความคิดด้านลบ ไพ่ใบนี้มักปรากฏขึ้นเมื่อบุคคลกำลังเผชิญกับความกลัว ความกังวลที่รบกวนจิตใจ หรือความรู้สึกผิด ทำให้พักผ่อนไม่เพียงพอ ฝันร้าย หรือรู้สึกโดดเดี่ยว แม้ว่าปัญหาอาจจะไม่ได้ร้ายแรงเท่าที่คิด แต่ความคิดและความกังวลได้ถาโถมเข้ามาจนทำให้รู้สึกแบกรับภาระหนักอึ้งและมองไม่เห็นทางออก ไพ่ใบนี้เตือนให้เผชิญหน้ากับความกังวลและหาทางคลี่คลายเพื่อก้าวผ่านช่วงเวลาที่ยากลำบากนี้ไปให้ได้,"[ความวิตกกังวล,ความเครียด",https://wtnqjxerhmdnqszkhbvs.supabase.co/storage/v1/object/public/cards/eight_of_swords.png
72,nine_of_swords,Nine of Swords,Minor Arcana,นอนดึก รีบร้อน ร้อนใจ กังวล ความดัน,โอ๊ย... ไพ่ 9 ดาบใบนี้มันฟ้องเลยนะว่าช่วงนี้ชีวิตเธอเหมือนมีอะไรมาทับถมจิตใจจนนอนไม่หลับเลยใช่มั้ยล่ะ? ทั้งร้อนใจ ทั้งกังวลไปหมด คิดมากจนหัวจะระเบิด มัวแต่ครุ่นคิดเรื่องเดิมๆ ซ้ำๆ จนสมองมันล้าไปหมดแล้วนะ ระวังความดันขึ้นเอาได้ง่ายๆ เลยนะช่วงนี้! เหมือนคนรีบร้อนทำอะไรก็ไม่ทันใจตัวเองสักอย่าง หรือบางทีก็รีบร้อนคิด รีบร้อนสรุปไปเองก่อนแล้ว พอคิดวนไปวนมาก็ยิ่งทุกข์หนักหนาสาหัสเข้าไปอีก ไพ่ใบนี้มันเตือนให้พักผ่อนบ้างนะ อย่าแบกทุกอย่างไว้คนเดียวเลย ปล่อยวางบ้าง ชีวิตจะได้ไม่ต้องมานั่งกังวลจนตาลอยแบบนี้ไงล่ะ รีบหาทางระบายหรือปรึกษาใครสักคนเถอะ ไม่งั้นสุขภาพจะแย่เอาได้นะเธอ!,ไพ่ 9 ดาบ (Nine of Swords) โดยทั่วไปหมายถึงความวิตกกังวลอย่างรุนแรง ความทุกข์ใจ ความสิ้นหวัง ฝันร้าย การนอนไม่หลับ และความรู้สึกผิดหรือความละอายใจที่กัดกินอยู่ภายใน ไพ่ใบนี้มักปรากฏขึ้นเมื่อบุคคลกำลังเผชิญกับช่วงเวลาที่เต็มไปด้วยความเครียดทางจิตใจอย่างมาก อาจเป็นผลมาจากการคิดมากเกินไป การจมปลักอยู่กับปัญหา หรือการสร้างสถานการณ์เลวร้ายขึ้นในใจ ซึ่งมักจะแย่กว่าความเป็นจริง ไพ่เตือนให้เผชิญหน้ากับความกลัวและค้นหาทางออกจากวงจรของความคิดเชิงลบ เพื่อกลับมาสู่ความสงบทางใจอีกครั้ง,"[ความกังวล,ความทุกข์ใจ",https://wtnqjxerhmdnqszkhbvs.supabase.co/storage/v1/object/public/cards/nine_of_swords.png
73,ten_of_swords,Ten of Swords,Minor Arcana,ไม่ผ่าน ไม่ได้ ไม่สบาย ปวดหลัง เคลียร์จบ หักหลัง จบแบบเจ็บๆ แก้ปัญหาที่ยาก,ไพ่ใบนี้คือจุดจบที่โคตรเจ็บ จบแบบเจ็บๆ เลยนะ! มันเหมือนทุกอย่างมันพังทลายลงมาต่อหน้าต่อตา ไม่ผ่าน ไม่ได้ ไม่มีทางไปต่อแล้วจริงๆ นี่คือการถึงจุดต่ำสุดของชีวิต ถึงขนาดที่รู้สึกปวดหลัง ปวดใจไปหมด เหมือนโดนหักหลัง หรือเจอสถานการณ์ที่ทำให้ไม่สบายตัว ไม่สบายใจแบบสุดๆ แต่มันก็คือการเคลียร์จบสิ่งที่ไม่ดีออกไปให้พ้นทาง มันคือการจบที่จำเป็นเพื่อให้เราได้แก้ปัญหาที่ยากมากๆ ในอนาคต และเริ่มใหม่ได้จริงๆ ทนหน่อยนะ!,ไพ่ Ten of Swords (สิบดาบ) บ่งบอกถึงจุดจบที่สมบูรณ์และเด็ดขาด การสิ้นสุดของสถานการณ์ที่เจ็บปวดอย่างถึงที่สุด หรือการถึงจุดต่ำสุดที่ไม่อาจไปต่อได้อีกแล้ว มันคือการยอมรับความพ่ายแพ้หรือการล้มลงอย่างสมบูรณ์ อย่างไรก็ตาม จุดจบนี้มักเป็นจุดเริ่มต้นของการฟื้นตัวและการเปลี่ยนแปลงไปในทางที่ดีขึ้น หลังจากผ่านพ้นความเจ็บปวดอันแสนสาหัส,"[จุดจบ,ความพ่ายแพ้",https://wtnqjxerhmdnqszkhbvs.supabase.co/storage/v1/object/public/cards/ten_of_swords.png
74,page_of_swords,Page of Swords,Minor Arcana,ดื้อ รั้น ส่องมอง อยากรู้อยากเห็น หัวร้อน เกเร เอาแต่ใจ ไม่ยอม ว่องไว,โอ๊ยยย! ไอ้เจ้าตัวแสบตัวดื้อตัวรั้น! มันอยากรู้อยากเห็นไปซะทุกเรื่อง ชอบส่องมองจ้องจับผิดชาวบ้านว่าทำอะไรกันอยู่ หัวร้อนง่ายกับเรื่องไม่เป็นเรื่อง แล้วยังเกเร เอาแต่ใจตัวเองสุดๆ ไม่ยอมฟังใครหน้าไหนทั้งนั้น ว่องไวไปซะทุกเรื่องจนบางทีก็เร็วเกินไป เหมือนจะกระโจนเข้าใส่สิ่งใหม่ๆ โดยไม่คิดหน้าคิดหลัง แต่ก็เพราะความไม่ยอมอยู่เฉยนี่แหละที่ทำให้มันได้เริ่มอะไรใหม่ๆ ไม่หยุดหย่อน ระวังเรื่องประมาทกับความเอาแต่ใจตัวเองหน่อยนะเจ้าตัวปัญหา!,ไพ่คนโง่ (The Fool) เป็นไพ่ใบแรกในชุดไพ่เมเจอร์อาคานา หมายถึงการเริ่มต้นใหม่ การผจญภัย การก้าวไปข้างหน้าด้วยความบริสุทธิ์ใจและความเชื่อมั่นในสัญชาตญาณ เป็นสัญลักษณ์ของอิสระ การไม่ยึดติด และศักยภาพที่ไร้ขีดจำกัด การเดินทางที่ไม่คาดฝัน และการเปิดรับประสบการณ์ใหม่ๆ อย่างเต็มที่ อย่างไรก็ตาม ในด้านลบอาจหมายถึงการกระทำโดยไม่คิดหน้าคิดหลัง การขาดความรับผิดชอบ ความประมาท หรือการเสี่ยงโดยไม่วางแผน,"[เริ่มต้นใหม่,อิสระ",https://wtnqjxerhmdnqszkhbvs.supabase.co/storage/v1/object/public/cards/page_of_swords.png
75,knight_of_swords,Knight of Swords,Minor Arcana,รีบร้อน หัวร้อน หงุดหงิดง่าย ใจร้อน ใช้อารมณ์มากกว่าเหตุผล,ช่วงนี้ต้องระวังเลยนะ! อารมณ์ร้อนพุ่งปรี๊ดดดด! ทำอะไรก็รีบร้อน ใจร้อนไปหมด หัวร้อนง่ายนิดง่ายหน่อยก็หงุดหงิด พาลใส่คนอื่นเขาไปทั่ว ใช้แต่อารมณ์นำหน้าเหตุผล งานก็อยากให้เสร็จเร็วๆ แต่ดันสะเพร่าเพราะความรีบร้อนนี่แหละ บอกเลยว่าช่วงนี้ความอดทนต่ำมาก! อยากลุยอย่างเดียว ไม่สนหน้าอินทร์หน้าพรหม อาจจะเกิดการเดินทาง หรือการเปลี่ยนแปลงอะไรบางอย่างแบบปุบปับก็เป็นได้ แต่ต้องระวังอารมณ์ตัวเองไว้ให้ดีนะแม่หมอขอเตือน!,ไพ่อัศวินถือไม้เท้า (Knight of Wands) หมายถึง การเดินทาง การผจญภัย การเริ่มต้นใหม่ที่เต็มไปด้วยความกระตือรือร้นและพลังงานที่สูง ความกล้าหาญ ความมั่นใจ และการเปลี่ยนแปลงที่รวดเร็ว อาจหมายถึงการเคลื่อนไหวหรือการริเริ่มโครงการใหม่ๆ แต่ก็แฝงด้วยความใจร้อน หุนหันพลันแล่น และใช้อารมณ์มากกว่าเหตุผล,"[รีบร้อน,ใจร้อน",https://wtnqjxerhmdnqszkhbvs.supabase.co/storage/v1/object/public/cards/knight_of_swords.png
76,queen_of_swords,Queen of Swords,Minor Arcana,ขี้หึง จัดการเด็ดขาด เอาแต่ใจ ไม่ยอมคน จัดจ้าน   ปากจัด ดุ,จะบอกให้! นี่มันไพ่ของแม่คนจริง! แม่คนนี้ไม่ได้มาเล่นๆ นะคะ! เธอเป็นคน **ขี้หึง** สุดๆ ใครอย่าได้ริอาจเข้าใกล้นังตัวดีของเธอเชียว! มีอำนาจ **จัดการเด็ดขาด** ไม่มีคำว่าปรานีในพจนานุกรมของหล่อนเลยค่ะ! **เอาแต่ใจ** ตัวเองเป็นที่หนึ่ง ไม่มีใครจะมาขัดใจเธอได้หรอก! **ไม่ยอมคน** โดยเฉพาะเรื่องที่ตัวเองถือว่าเป็นสิทธิ์! อ้อ..แล้วก็ **จัดจ้าน** ในทุกเรื่อง! จะพูดจะทำอะไรก็ชัดเจน พุ่งตรง ชนิดที่ว่า **ปากจัด** และ **ดุ** ได้เรื่องได้ราว! แต่ถึงจะร้าย เธอก็เป็นคนที่มีเสน่ห์ดึงดูดคนอยู่ดี! ระวังให้ดีนะ ถ้าจะเข้ามาข้องแวะกับแม่คนนี้!,ไพ่ราชินีถือไม้เท้าเป็นสัญลักษณ์ของความมั่นใจ ความกระตือรือร้น และความมีชีวิตชีวา เธอเป็นผู้หญิงที่เต็มไปด้วยพลังงาน มีเสน่ห์ดึงดูด และมักจะเป็นศูนย์กลางของความสนใจ ราชินีถือไม้เท้ามีความเป็นอิสระ มีความคิดสร้างสรรค์ และมีไหวพริบ เธอเป็นผู้นำโดยธรรมชาติ สามารถสร้างแรงบันดาลใจให้ผู้อื่น และมีความทะเยอทะยานสูง เธอให้ความสำคัญกับครอบครัวและความสัมพันธ์ แต่ก็สามารถปกป้องคนที่รักได้อย่างรุนแรง ในแง่ลบ เธออาจแสดงออกถึงความหึงหวง ความเอาแต่ใจ หรือความเผด็จการ,"[ราชินี,ไม้เท้า",https://wtnqjxerhmdnqszkhbvs.supabase.co/storage/v1/object/public/cards/queen_of_swords.png
77,king_of_swords,King of Swords,Minor Arcana,พูดจาแรง ดุ นิ่ง ไม่ค่อยสนใจใคร ภาระเยอะ ปัญหามีมาให้แก้เยอะ ฉลาด ผอม เด็ดขาด,คุณนี่แหละ ตัวแม่! ไม่ต้องมาอ้อมค้อมกับคนนี้นะ เพราะเขาน่ะฉลาดเป็นกรด พูดตรงไปตรงมา ดุไปเลย ไม่ต้องเกรงใจใครหรอก จริงๆ แล้วเขาแบกภาระไว้เยอะ ปัญหาเข้ามาไม่หยุดหย่อน แต่เขาก็ใช้สมอง ใช้สติปัญญาในการจัดการทุกอย่างได้หมดนั่นแหละ คนนี้น่ะผอมแห้งแต่พลังงานความคิดล้นเหลือ ตัดสินใจเด็ดขาด ไม่ต้องรอใคร ถ้าคุณจะทำอะไรกับคนนี้ ต้องชัดเจน ตรงไปตรงมา ไม่มีพื้นที่ให้ความงี่เง่าเลยนะ,ไพ่ราชินีดาบ (Queen of Swords) เป็นตัวแทนของบุคคลที่มีสติปัญญาเฉียบแหลม ความคิดที่ชัดเจน และความสามารถในการสื่อสารที่ตรงไปตรงมา เธอเป็นคนอิสระ ช่างสังเกต และสามารถใช้เหตุผลตัดผ่านความสับสนได้เป็นอย่างดี บางครั้งอาจดูเหมือนห่างเหินหรือเย็นชาเพราะให้ความสำคัญกับข้อเท็จจริงมากกว่าอารมณ์ ไพ่ใบนี้สะท้อนถึงความฉลาดทางสติปัญญา ความจริง และความเด็ดขาด มักเป็นผู้ที่ผ่านพ้นความยากลำบากมาได้ ทำให้เธอกลายเป็นคนเข้มแข็งและยืดหยุ่น นอกจากนี้ยังหมายถึงบุคคลที่มุ่งมั่น วิเคราะห์เก่ง และมีความยุติธรรม แต่อาจมีข้อจำกัดในการแสดงอารมณ์.,"[เด็ดขาด,ฉลาด",https://wtnqjxerhmdnqszkhbvs.supabase.co/storage/v1/object/public/cards/king_of_swords.png
